Actual,Predicted,Residual
5,4.720574305946042,0.2794256940539581
7,7.443338075394623,-0.4433380753946228
9,8.516686853843025,0.4833131461569753
6,6.794491278225724,-0.7944912782257241
8,7.38918649462994,0.6108135053700599
6,6.472750379582214,-0.4727503795822141
6,6.521378741899512,-0.5213787418995119
7,7.890747196630525,-0.8907471966305254
7,7.741059138378457,-0.741059138378457
4,4.270498851729005,-0.27049885172900456
5,5.129491553145722,-0.12949155314572192
9,8.250167922206606,0.7498320777933944
8,7.098088734068849,0.901911265931151
9,8.415355520917636,0.5846444790823639
5,5.044260224048008,-0.04426022404800811
7,6.546782490095442,0.4532175099045581
6,6.724089705468021,-0.7240897054680211
8,7.659095292564397,0.34090470743560264
7,6.947828985822555,0.05217101417744541
7,6.673762808463075,0.3262371915369249
9,8.737180352406652,0.2628196475933482
8,8.296668784023431,-0.29666878402343144
8,7.1442926882142,0.8557073117857996
7,7.4093858310890415,-0.4093858310890415
7,6.919025402479442,0.0809745975205578
9,8.774907321748865,0.22509267825113533
7,7.056750431572665,-0.056750431572664795
3,3.1969300001776517,-0.19693000017765172
8,6.785302493183699,1.214697506816301
5,5.113796173148746,-0.1137961731487458
9,8.795625115950598,0.20437488404940218
8,7.386045090565416,0.6139549094345842
6,6.497817377609147,-0.497817377609147
7,7.704834474015545,-0.704834474015545
4,4.136055448875789,-0.1360554488757888
7,8.031944077662066,-1.0319440776620663
6,6.513439836738326,-0.5134398367383257
4,3.7835637949376886,0.21643620506231143
9,8.817996699883409,0.18200330011659105
5,4.495668976262235,0.5043310237377652
5,4.907812076419191,0.09218792358080918
4,3.8999724903869013,0.1000275096130987
5,4.687576741743018,0.3124232582569819
4,3.826599310005062,0.17340068999493807
8,7.331480794000837,0.6685192059991634
8,7.8962373407147055,0.10376265928529449
7,7.08045775629342,-0.08045775629341989
8,7.964388062591639,0.035611937408360994
7,7.103892633665226,-0.10389263366522616
8,7.35933505965144,0.64066494034856
8,7.779151401423317,0.2208485985766826
6,6.77624089026489,-0.7762408902648898
5,4.591227801586975,0.4087721984130246
5,5.04412518777972,-0.044125187779719965
4,3.776244740375468,0.2237552596245318
6,6.794086077094897,-0.7940860770948968
6,6.292440249772451,-0.29244024977245076
4,3.708016147101344,0.2919838528986558
7,6.836970168784027,0.16302983121597325
8,7.188462394193081,0.8115376058069188
5,4.874328005905523,0.1256719940944766
7,7.227809916056015,-0.22780991605601475
6,6.562699126042629,-0.5626991260426291
7,6.278307825713682,0.7216921742863178
6,5.162160151957238,0.837839848042762
9,8.925928055820606,0.07407194417939422
5,5.120159914889171,-0.12015991488917077
4,4.754660896060595,-0.7546608960605949
8,7.528384764918703,0.47161523508129743
6,6.904199203332042,-0.9041992033320421
4,4.875622539814263,-0.8756225398142634
5,5.0437561758573795,-0.043756175857379453
7,6.872180305549411,0.12781969445058916
7,7.179710136102825,-0.17971013610282505
7,7.16369237158323,-0.16369237158323013
5,4.514433662964218,0.4855663370357819
5,3.9694440512447984,1.0305559487552016
8,7.174141084234943,0.8258589157650569
5,4.598067207635638,0.4019327923643621
9,8.8170713312841,0.18292866871590086
7,7.50894267386313,-0.50894267386313
8,7.527327711324535,0.47267228867546507
7,7.015949988991981,-0.015949988991980746
5,5.003448092061142,-0.0034480920611423826
4,4.055977293568982,-0.055977293568981956
5,4.3772795297703135,0.6227204702296865
8,7.85166189745305,0.14833810254695035
7,7.463548978014591,-0.4635489780145914
8,8.066715220378523,-0.06671522037852284
5,5.329170512002147,-0.32917051200214686
8,7.023905506356297,0.9760944936437026
4,5.0127500193395695,-1.0127500193395695
7,6.7833360606255315,0.21666393937446848
5,4.862792160138043,0.13720783986195695
7,7.162181977535005,-0.1621819775350053
6,6.756093040067322,-0.7560930400673218
7,6.933112669990182,0.06688733000981806
4,4.1817726459195095,-0.18177264591950948
7,6.83801786691554,0.16198213308445997
8,7.686113652979769,0.3138863470202313
7,7.762900539446481,-0.7629005394464814
6,4.874247293163502,1.125752706836498
7,7.331235752783319,-0.33123575278331874
5,4.951114734024932,0.04888526597506804
4,4.0295100195088205,-0.029510019508820484
5,4.9780889188559305,0.021911081144069477
7,6.692325733245225,0.30767426675477516
7,7.3493120399470415,-0.3493120399470415
5,5.000653973778432,-0.0006539737784319044
7,7.150538163463508,-0.15053816346350768
8,7.243819889554873,0.7561801104451273
5,4.966155765006614,0.03384423499338585
3,3.396019196955802,-0.3960191969558018
7,7.451429101798663,-0.4514291017986629
7,7.625024327617061,-0.6250243276170613
9,9.037606170033811,-0.03760617003381128
5,4.019194656337678,0.9808053436623219
6,6.51629035515858,-0.5162903551585796
8,8.29847327767239,-0.2984732776723895
8,8.020876074753303,-0.020876074753303442
8,7.643337240642262,0.3566627593577376
8,7.793004551576436,0.2069954484235641
9,8.606197056806993,0.39380294319300724
7,6.932599645740435,0.06740035425956492
8,7.407251885590695,0.5927481144093054
8,8.381380261553973,-0.3813802615539732
7,7.326160103562319,-0.3261601035623194
4,4.682003950909459,-0.6820039509094586
7,7.410670199854186,-0.4106701998541862
7,7.18474197640705,-0.18474197640705015
9,8.973344437122323,0.026655562877676786
5,4.842446702842443,0.15755329715755728
4,3.4228640575032205,0.5771359424967795
4,4.767543410916824,-0.767543410916824
5,4.494888339607986,0.5051116603920143
7,7.23952958603847,-0.2395295860384703
5,4.634882681665991,0.3651173183340086
5,5.393970067705405,-0.3939700677054052
7,7.0025236198075165,-0.002523619807516475
5,5.144969192056648,-0.1449691920566476
7,6.965089385852535,0.034910614147465324
6,6.723701047600056,-0.7237010476000556
7,7.234774671709248,-0.23477467170924804
8,8.064013686260703,-0.06401368626070258
8,7.743924133785929,0.2560758662140712
5,4.885563613976711,0.11443638602328932
5,4.947353917620669,0.052646082379331105
4,4.441939333214409,-0.4419393332144086
8,7.164330280903323,0.8356697190966766
8,7.610448125504577,0.3895518744954227
7,6.651765197997113,0.3482348020028869
7,7.155796222087704,-0.15579622208770427
4,4.113798276556992,-0.1137982765569916
6,5.385303108346832,0.6146968916531677
7,6.956220036159764,0.04377996384023586
7,6.848146382821411,0.15185361717858914
8,8.063326691188884,-0.0633266911888839
8,7.64387481135945,0.3561251886405499
9,8.957174857223247,0.042825142776752756
7,7.1227096872010875,-0.12270968720108755
4,3.7790546785898824,0.22094532141011758
6,5.218976862661139,0.7810231373388614
7,7.2632975991287765,-0.2632975991287765
8,7.590777324166433,0.40922267583356664
7,6.656681754018872,0.3433182459811279
7,7.146745350125009,-0.1467453501250091
5,4.9151970422654685,0.0848029577345315
7,7.134015126150942,-0.1340151261509419
5,4.410421793096164,0.5895782069038358
5,4.888299075685201,0.11170092431479883
4,3.6448966259351057,0.35510337406489434
7,6.937295137749479,0.06270486225052085
5,4.87298945542466,0.12701054457533978
4,4.208715789655104,-0.20871578965510373
4,4.324960793293412,-0.3249607932934122
7,7.076323985316594,-0.07632398531659401
7,7.301044625873916,-0.30104462587391634
7,7.287359946485802,-0.2873599464858021
8,7.367393799994937,0.6326062000050632
5,4.960287735933924,0.03971226406607631
4,4.376060467921796,-0.37606046792179626
7,6.347481328453815,0.6525186715461846
7,6.813106478881975,0.1868935211180247
7,6.850207243644564,0.14979275635543576
7,7.138650779949805,-0.13865077994980535
4,3.502554371596951,0.49744562840304907
7,6.873557100310607,0.12644289968939315
7,7.157728898649646,-0.1577288986496459
8,7.902487316960294,0.09751268303970573
5,4.850418409560349,0.14958159043965136
7,6.762359954781652,0.23764004521834803
4,4.214601869035563,-0.21460186903556266
7,7.797928777609805,-0.7979287776098047
6,7.220118699070195,-1.2201186990701949
8,7.7120339935629465,0.2879660064370535
7,7.203738651658064,-0.20373865165806393
9,8.582635201373074,0.41736479862692555
9,8.874276068664269,0.125723931335731
5,4.481648330438412,0.5183516695615884
6,6.54762978701513,-0.5476297870151301
8,6.996431671863195,1.0035683281368053
4,3.2667913915031055,0.7332086084968945
8,7.720614426306946,0.2793855736930544
7,6.927399997486069,0.07260000251393084
8,7.932859076255525,0.06714092374447489
7,6.648717391781438,0.35128260821856205
5,4.818488720633416,0.18151127936658362
4,3.5637089204415027,0.43629107955849733
6,6.3118709382198475,-0.31187093821984746
7,6.845962699688769,0.15403730031123075
8,7.486232869195894,0.5137671308041059
6,6.757974192402831,-0.7579741924028314
3,4.550865740364666,-1.5508657403646664
5,5.118066644140728,-0.1180666441407281
7,6.729117556067361,0.2708824439326394
4,3.7903146170804374,0.20968538291956262
6,6.731588456922397,-0.7315884569223972
7,7.658183937117995,-0.6581839371179949
5,4.865429018628564,0.13457098137143575
8,7.942171420589723,0.05782857941027686
7,7.020268770460953,-0.020268770460953434
5,4.364946085099742,0.6350539149002579
5,4.9590481248638,0.04095187513619969
8,7.812485997223361,0.18751400277663866
4,4.918269962422008,-0.9182699624220083
6,5.4058203497316395,0.5941796502683605
7,6.671087150683748,0.32891284931625187
7,7.177250367555679,-0.17725036755567913
7,6.547066877611273,0.4529331223887274
4,4.65918867350791,-0.6591886735079102
5,4.553988954061553,0.4460110459384472
5,4.726417706411939,0.27358229358806074
9,9.042477525924326,-0.04247752592432619
4,3.7321493502742418,0.2678506497257582
9,8.561094520274525,0.43890547972547544
5,4.357941800655961,0.6420581993440386
5,5.1718497711089855,-0.17184977110898547
7,7.875416998388319,-0.8754169983883191
9,8.649348362323455,0.3506516376765454
5,4.93139413341988,0.06860586658012036
5,4.815833158688335,0.18416684131166505
8,7.5774915366881155,0.4225084633118845
9,8.802862085365398,0.1971379146346024
4,5.0366800050511,-1.0366800050510996
7,6.752941634370973,0.2470583656290266
8,8.46203809468883,-0.4620380946888307
5,4.893210653830074,0.10678934616992564
4,5.131134006395512,-1.131134006395512
9,8.716716456861445,0.2832835431385554
8,8.913006529177306,-0.9130065291773057
7,7.087784607996563,-0.0877846079965634
7,6.756932984247527,0.24306701575247303
8,7.636434821327186,0.3635651786728138
7,6.825047735315819,0.17495226468418057
8,7.898973943648938,0.10102605635106165
7,7.14508224038289,-0.14508224038288997
8,7.566758020636006,0.4332419793639941
4,4.782835597290687,-0.7828355972906866
5,4.827257785605711,0.17274221439428938
5,4.9425616018460055,0.05743839815399454
7,6.760327685708909,0.2396723142910906
2,2.8275871286704835,-0.8275871286704835
9,8.22881215594516,0.7711878440548396
7,7.142962211562007,-0.14296221156200684
5,4.46204041647562,0.5379595835243798
7,7.877118131598807,-0.8771181315988068
3,3.271314357608663,-0.27131435760866296
7,7.612172839302102,-0.6121728393021018
9,8.859120133289078,0.14087986671092168
4,4.806216875490782,-0.8062168754907821
5,4.7770785408026715,0.22292145919732853
7,6.722174632343759,0.27782536765624144
9,8.831087474290022,0.1689125257099775
6,6.967733118369692,-0.9677331183696918
8,8.274407191530686,-0.2744071915306865
4,4.4030817167660485,-0.40308171676604854
8,7.363929366672205,0.6360706333277948
8,7.442703728971547,0.557296271028453
7,6.734240606768116,0.2657593932318836
7,6.785416020002458,0.21458397999754197
5,4.666602219236864,0.33339778076313564
5,4.8205456007661684,0.17945439923383155
8,7.736301618812526,0.26369838118747424
7,7.8679490106919125,-0.8679490106919125
7,6.7087125100076035,0.2912874899923965
7,6.833003199741347,0.16699680025865327
9,8.916172904304862,0.08382709569513835
8,8.121936793478527,-0.12193679347852715
5,4.909342959013976,0.09065704098602367
5,5.17186988054351,-0.17186988054351016
5,4.468898302614606,0.5311016973853944
8,6.906840793921194,1.0931592060788056
5,4.811053377765252,0.18894662223474779
8,8.310040246950303,-0.31004024695030274
3,3.335059380670668,-0.3350593806706681
5,5.101095442194041,-0.10109544219404132
4,3.6175980953611506,0.3824019046388494
8,8.21802509280339,-0.21802509280339066
8,7.3868162217528965,0.6131837782471035
8,7.745821778488703,0.2541782215112969
8,7.067423356111216,0.9325766438887841
5,4.957330033437023,0.04266996656297728
8,7.6677771299123885,0.33222287008761153
3,3.063306258075169,-0.0633062580751691
7,7.248958884142977,-0.24895888414297662
4,4.4731280568400065,-0.4731280568400065
8,7.3904956653783715,0.6095043346216285
7,7.039256151015876,-0.039256151015876206
8,7.4218405850135065,0.5781594149864935
7,7.207191639838176,-0.20719163983817612
9,7.905894950834931,1.0941050491650692
7,6.849906932751716,0.1500930672482843
5,4.909056641091489,0.09094335890851113
4,4.2151937096952725,-0.21519370969527252
4,4.270898533110786,-0.2708985331107856
7,8.130962214507287,-1.1309622145072868
5,5.245215358055939,-0.24521535805593864
7,8.483904615555616,-1.4839046155556161
8,8.130782199689992,-0.1307821996899925
8,8.64132863484085,-0.6413286348408498
7,7.735081760807201,-0.7350817608072013
8,7.66612234097414,0.33387765902585986
7,6.40055926384002,0.5994407361599796
9,8.463722710702857,0.5362772892971428
5,5.175052158421908,-0.17505215842190758
8,8.479854601100058,-0.4798546011000582
4,4.2443891562611595,-0.24438915626115953
7,7.0290013965195435,-0.029001396519543476
4,4.6793773636599445,-0.6793773636599445
5,4.7524234683413145,0.24757653165868554
7,6.581714068039018,0.4182859319609822
7,6.827095793782731,0.17290420621726899
5,4.8788577826933945,0.12114221730660546
7,6.809255543721498,0.19074445627850167
9,8.479201575193864,0.5207984248061361
7,7.799713034967922,-0.7997130349679216
4,4.848389816527267,-0.8483898165272672
7,7.115076877344109,-0.11507687734410865
9,8.796516526914658,0.20348347308534187
3,3.514302186890621,-0.514302186890621
4,4.17814229743325,-0.17814229743324983
6,6.423905764940279,-0.42390576494027865
6,5.334521332453906,0.6654786675460942
8,7.539987133801744,0.4600128661982561
5,4.995712220405639,0.0042877795943612185
9,8.055845024871758,0.9441549751282423
5,4.674163185625352,0.3258368143746484
7,7.073289454061999,-0.0732894540619986
7,7.103417268926953,-0.10341726892695302
6,6.740170044991395,-0.7401700449913946
7,6.734092183755225,0.2659078162447752
6,6.817789309634275,-0.817789309634275
9,8.728733447812369,0.2712665521876314
7,7.554749732764348,-0.554749732764348
9,7.981982805270637,1.0180171947293628
4,3.9459363954647064,0.054063604535293575
7,6.943639270699547,0.05636072930045266
9,8.741885527809547,0.2581144721904529
5,5.162181338541218,-0.16218133854121763
4,3.745743920593509,0.254256079406491
4,4.303190856039179,-0.30319085603917895
9,7.946776231866632,1.0532237681333676
9,8.942640209363867,0.0573597906361325
7,7.060882213291107,-0.06088221329110688
8,7.766636560244006,0.23336343975599405
7,6.899975725130546,0.10002427486945376
4,3.939950079200019,0.06004992079998095
8,8.110216621835352,-0.11021662183535241
7,7.155117912680722,-0.15511791268072184
4,3.8917744067429663,0.10822559325703374
8,7.498700734864462,0.5012992651355379
7,6.742586329431444,0.2574136705685559
5,4.895411764338096,0.1045882356619039
7,6.895013555532331,0.10498644446766914
8,7.954817420245303,0.045182579754697194
7,7.006798716712793,-0.006798716712792974
7,8.267956268322688,-1.2679562683226884
7,7.855932418737928,-0.855932418737928
9,8.468563194449203,0.531436805550797
7,6.971749689465964,0.028250310534035705
9,8.983245239596789,0.016754760403211222
9,8.820682744740251,0.17931725525974862
4,4.446220352615608,-0.4462203526156081
9,8.245750922357399,0.7542490776426014
8,7.353325792847835,0.6466742071521647
4,4.298258898636017,-0.29825889863601684
7,6.873588365876798,0.126411634123202
7,7.307649589081202,-0.3076495890812021
9,8.672607563986503,0.327392436013497
4,4.701696470956642,-0.7016964709566418
9,7.7928901014070435,1.2071098985929565
9,8.90875264107156,0.09124735892843994
7,7.621106305358899,-0.6211063053588992
3,3.603012021422215,-0.6030120214222152
7,7.674165808834678,-0.6741658088346778
7,6.729624096889709,0.270375903110291
7,6.503275052424414,0.4967249475755864
5,5.128740825828551,-0.12874082582855095
8,7.21313091877343,0.7868690812265697
8,7.682582418071303,0.31741758192869707
5,4.502798516195477,0.4972014838045231
4,4.606974848611542,-0.606974848611542
7,6.413216746575077,0.5867832534249233
5,5.27599995592057,-0.2759999559205699
6,6.832158093147237,-0.8321580931472372
4,4.502425467603849,-0.5024254676038487
5,4.671065458671583,0.32893454132841704
8,8.227333409754076,-0.2273334097540758
7,7.489558491417856,-0.48955849141785635
7,7.014683428965408,-0.014683428965407863
9,9.010955724158556,-0.01095572415855628
7,6.883745578704902,0.116254421295098
7,7.316471613405534,-0.3164716134055343
5,4.839914261217037,0.16008573878296328
6,5.328890564625529,0.6711094353744711
5,4.770552206796023,0.22944779320397668
9,8.206708912887684,0.7932910871123156
4,4.28207949607942,-0.28207949607941973
8,8.398238458531312,-0.3982384585313117
6,7.067571571932914,-1.0675715719329144
5,4.659645737125525,0.3403542628744747
7,6.716054920760842,0.28394507923915757
3,3.7348444962251763,-0.7348444962251763
7,7.127678591070088,-0.1276785910700884
7,7.588853763624397,-0.5888537636243969
8,8.082859190020931,-0.08285919002093145
5,5.0908386308702696,-0.09083863087026955
5,4.499848426677552,0.500151573322448
5,5.0048956974981,-0.004895697498099594
5,5.196663966610352,-0.1966639666103518
8,7.431941581674761,0.5680584183252391
8,6.5916887969880635,1.4083112030119365
5,4.434109547196212,0.5658904528037878
5,4.906805536979326,0.0931944630206738
5,5.095934098955351,-0.09593409895535121
8,8.141041200353973,-0.14104120035397294
8,8.025280792016467,-0.025280792016467046
5,5.210599821077871,-0.21059982107787079
9,8.508199397303896,0.49180060269610415
7,7.614269146353055,-0.6142691463530552
9,8.66675498583585,0.33324501416415053
3,2.7179840330679483,0.28201596693205166
8,8.520404718654031,-0.5204047186540315
5,5.256174600779298,-0.256174600779298
7,7.53954884974664,-0.5395488497466401
2,2.159866031089995,-0.1598660310899951
5,4.937388631670261,0.06261136832973868
4,4.191673719934386,-0.19167371993438564
5,5.155549604045595,-0.1555496040455946
7,7.082756831343894,-0.082756831343894
9,8.25072183090457,0.7492781690954295
4,4.839755681427481,-0.8397556814274809
5,4.962759098894712,0.03724090110528788
5,4.9117379044190015,0.08826209558099851
7,7.6909389913416675,-0.6909389913416675
8,8.17985557506986,-0.17985557506986005
7,7.086332412113,-0.08633241211300025
8,7.378592617633465,0.6214073823665354
6,7.059812308213171,-1.0598123082131714
5,4.964390330454058,0.035609669545942246
5,5.198526601657093,-0.19852660165709324
4,4.066990150780301,-0.0669901507803008
8,8.550902689103435,-0.5509026891034345
8,7.936048456666543,0.06395154333345676
7,7.117612305857916,-0.11761230585791616
4,4.673784748410619,-0.6737847484106192
8,7.82990614103388,0.17009385896612006
4,4.245812857698034,-0.2458128576980343
4,3.8277290319378654,0.1722709680621346
6,6.336254382117315,-0.33625438211731495
5,4.7253868224274775,0.27461317757252246
9,8.93571077267978,0.06428922732022002
4,4.239096844565547,-0.23909684456554725
5,4.8788577826933945,0.12114221730660546
5,5.337483172292426,-0.3374831722924263
3,3.1935566386394476,-0.1935566386394476
8,7.6110290994616525,0.3889709005383475
7,6.840903327573848,0.159096672426152
7,6.716307107224333,0.283692892775667
7,6.909571385885252,0.09042861411474767
5,5.056405059349201,-0.056405059349200926
9,9.011647238291788,-0.011647238291788042
8,7.26338024153543,0.7366197584645704
8,7.530719384410932,0.4692806155890681
8,7.6128182541575855,0.3871817458424145
7,7.543189758974506,-0.5431897589745063
7,7.374565068521587,-0.3745650685215871
5,5.05292492759451,-0.05292492759450962
4,3.9427879032013804,0.057212096798619605
7,7.535855677802784,-0.5358556778027843
7,7.140298002078547,-0.1402980020785467
8,6.841007159949303,1.158992840050697
4,4.618867712240213,-0.6188677122402133
7,7.140570420691184,-0.14057042069118442
5,4.208526659195983,0.7914733408040169
5,5.109047113319284,-0.10904711331928407
5,4.207668984650289,0.7923310153497107
7,7.036789551702599,-0.0367895517025989
5,4.59159721934802,0.4084027806519801
8,8.035147613783577,-0.035147613783577114
5,5.109735445693077,-0.1097354456930768
4,4.202725775484888,-0.2027257754848879
9,8.835538448841632,0.16446155115836802
8,8.356551145306115,-0.3565511453061152
6,6.821043855996738,-0.8210438559967379
7,7.315750585568665,-0.3157505855686651
8,7.492913932978661,0.5070860670213388
6,7.076703133737927,-1.0767031337379267
7,7.9169623009196,-0.9169623009196002
5,4.640522144153636,0.3594778558463636
8,7.8340585610546265,0.1659414389453735
7,7.537774472108095,-0.5377744721080946
7,7.80486608375374,-0.8048660837537396
8,8.183808805637057,-0.1838088056370566
5,5.4364278386245495,-0.4364278386245495
8,7.186920032311905,0.8130799676880951
8,7.21178794622649,0.7882120537735098
7,7.4445161035684135,-0.44451610356841353
6,5.281114402701957,0.7188855972980432
5,5.064433183731781,-0.06443318373178109
6,6.2416646864982,-0.24166468649819972
8,8.063870882066244,-0.0638708820662437
4,3.94235259756347,0.057647402436530104
6,6.676461366800528,-0.6764613668005284
8,8.596155165287751,-0.596155165287751
5,4.256319967437113,0.743680032562887
5,5.064427995236986,-0.06442799523698639
8,8.728720083712703,-0.7287200837127035
7,6.98906960741213,0.010930392587869875
8,7.329054745124872,0.6709452548751278
9,9.035642011237243,-0.03564201123724331
7,7.778825247358624,-0.7788252473586237
6,6.483188713386107,-0.4831887133861068
7,7.169240079606557,-0.16924007960655718
8,7.90204158627036,0.09795841372964009
7,6.944827868291197,0.05517213170880275
7,6.9588428596718455,0.04115714032815454
7,6.52277461027342,0.4772253897265797
4,4.0393699147702815,-0.03936991477028151
8,8.06301176381939,-0.06301176381938944
9,8.948591492399627,0.051408507600372744
7,6.481651713158168,0.5183482868418317
8,8.28467572303564,-0.28467572303564026
3,4.294458047519284,-1.2944580475192842
3,2.9511826466368056,0.04881735336319437
8,7.7753660212645475,0.22463397873545254
8,8.08439135327933,-0.08439135327932945
7,6.8647634062432195,0.13523659375678054
7,6.920896400437194,0.07910359956280644
3,3.6755028122078297,-0.6755028122078297
6,6.565984292059415,-0.5659842920594151
3,3.2376236971036065,-0.23762369710360653
7,7.171684598278787,-0.17168459827878735
7,7.635296579261162,-0.635296579261162
8,7.484675806245811,0.5153241937541893
8,8.086430730334536,-0.08643073033453597
7,6.763424229145723,0.2365757708542766
9,9.037301736421277,-0.0373017364212771
8,7.38772597851359,0.6122740214864102
8,6.993739757583519,1.0062602424164808
7,6.364586995123248,0.6354130048767521
5,4.972471770877678,0.027528229122322223
8,7.444038188255038,0.5559618117449618
6,6.550669249627792,-0.5506692496277923
7,6.707538518081056,0.29246148191894417
4,4.3010241306089405,-0.3010241306089405
6,6.73681388542357,-0.7368138854235697
5,4.597937868960634,0.40206213103936594
9,8.085439092508501,0.9145609074914987
7,6.767021951876636,0.2329780481233641
7,6.769070062508563,0.2309299374914371
5,4.781378514640293,0.21862148535970682
7,6.664257826306737,0.3357421736932631
4,4.7348385400745565,-0.7348385400745565
3,3.1898918537791356,-0.18989185377913564
8,7.654749065837066,0.34525093416293373
8,7.166478616700874,0.833521383299126
7,7.336526856492899,-0.33652685649289893
7,7.019690963806925,-0.0196909638069247
4,4.936993207889622,-0.9369932078896221
5,4.712466165308171,0.28753383469182925
7,7.05923480883655,-0.059234808836549746
7,6.6482475556451135,0.3517524443548865
9,7.86083864703078,1.1391613529692197
7,7.119973874853848,-0.11997387485384792
8,7.082072478271385,0.9179275217286147
6,6.494074606371174,-0.49407460637117406
7,6.915551784383623,0.08444821561637728
4,3.430085402439343,0.5699145975606572
3,3.832062682642718,-0.832062682642718
5,5.326234625893905,-0.32623462589390506
8,7.224312946161269,0.7756870538387313
8,8.617229254680707,-0.6172292546807068
8,7.478625839069534,0.5213741609304661
8,7.879327743979353,0.12067225602064724
7,6.576106979683895,0.4238930203161049
8,7.737178249828633,0.26282175017136744
8,7.699684530000992,0.30031546999900804
9,8.84302857795377,0.1569714220462295
5,4.457667190504165,0.5423328094958348
7,7.350594492958199,-0.3505944929581988
5,5.092721067977825,-0.0927210679778252
8,6.716418254757974,1.2835817452420262
7,8.173811368634066,-1.173811368634066
8,7.8630383978035585,0.1369616021964415
5,4.711542733098284,0.288457266901716
4,4.649140223351967,-0.6491402233519672
6,6.646438068308626,-0.6464380683086262
5,4.707164211915394,0.29283578808460575
8,8.247222380831737,-0.24722238083173664
5,4.727910598205747,0.2720894017942532
6,5.262838460353716,0.7371615396462836
5,4.951638270006978,0.04836172999302235
9,8.910266787952974,0.089733212047026
7,6.949575905731354,0.0504240942686458
4,4.079707304402225,-0.07970730440222518
7,6.837323264943275,0.16267673505672509
7,6.975517450014817,0.024482549985182622
4,4.064242460128031,-0.06424246012803092
7,6.854524311625433,0.14547568837456737
5,4.987103727718073,0.012896272281927246
4,3.9581901705902394,0.041809829409760635
6,7.001307851852164,-1.0013078518521636
5,4.955972049110914,0.0440279508890864
7,7.4689219960454585,-0.4689219960454585
5,4.645116689598836,0.3548833104011644
6,7.25316022831169,-1.2531602283116898
6,5.241829838545345,0.7581701614546548
8,7.694806966602053,0.3051930333979467
7,6.541129629679753,0.4588703703202466
8,8.080818973926775,-0.08081897392677462
4,4.735025885893094,-0.7350258858930943
7,7.2187919385049515,-0.2187919385049515
5,5.288222576039707,-0.2882225760397068
6,4.889997793372623,1.1100022066273771
5,5.000645055411381,-0.0006450554113808238
4,4.190204552888278,-0.19020455288827787
8,8.082886506203915,-0.08288650620391458
7,6.960914904823961,0.03908509517603864
8,7.482193373344638,0.5178066266553616
7,7.542594108396454,-0.5425941083964538
7,6.952174341779367,0.047825658220633116
7,7.179063979798591,-0.1790639797985909
7,6.647400717410926,0.3525992825890736
9,8.562999683012212,0.4370003169877883
5,4.7793919276769525,0.22060807232304747
7,7.404292713885091,-0.40429271388509136
7,6.8233154377833,0.1766845622166997
9,8.772572367690865,0.22742763230913532
5,5.132098153362732,-0.13209815336273234
7,6.806742356055465,0.19325764394453504
4,4.694289364101583,-0.694289364101583
8,7.6445685166478174,0.35543148335218255
7,6.873588365876798,0.126411634123202
7,6.943368657836047,0.0566313421639526
5,5.241390957596026,-0.24139095759602558
5,5.302490541310372,-0.30249054131037223
9,8.089581388258736,0.9104186117412638
5,4.6277869478328935,0.37221305216710654
3,3.693748027179528,-0.6937480271795282
9,8.881185662871689,0.11881433712831146
6,7.05032745928646,-1.0503274592864598
7,6.895980223578558,0.10401977642144189
4,4.376106181638908,-0.3761061816389084
7,6.867567068326183,0.13243293167381687
9,8.142780624399133,0.8572193756008666
5,5.106399396670896,-0.10639939667089582
7,7.174003289426077,-0.1740032894260768
9,8.289038171885725,0.7109618281142751
5,4.796420059561933,0.20357994043806737
4,4.412985328454542,-0.4129853284545417
7,6.768978270566302,0.2310217294336976
5,5.275716968569736,-0.2757169685697356
8,8.10636945340455,-0.10636945340455028
8,7.594866301129622,0.40513369887037776
9,8.879907549490841,0.12009245050915851
5,4.404796379557265,0.5952036204427351
4,4.836854176871995,-0.836854176871995
9,9.021858955023717,-0.02185895502371693
3,4.047995352995813,-1.0479953529958133
9,8.892820985692271,0.10717901430772869
8,8.110888198101444,-0.11088819810144379
7,7.282705461688324,-0.282705461688324
7,6.95556597654321,0.04443402345679015
9,9.002006941286414,-0.002006941286413877
6,4.707835806919626,1.2921641930803736
7,7.454511368288333,-0.4545113682883333
5,5.0545537582880815,-0.05455375828808151
8,6.967068669916802,1.0329313300831977
7,6.955638974934603,0.044361025065397186
5,4.601042066338142,0.3989579336618583
7,6.397750599044694,0.6022494009553059
4,4.383779789913929,-0.3837797899139286
8,7.916650044751139,0.08334995524886057
4,3.6500385999447778,0.34996140005522225
5,4.91466278479454,0.08533721520545967
5,5.238315586490986,-0.2383155864909856
6,6.833854934517509,-0.8338549345175092
5,5.1923852541564735,-0.19238525415647345
7,6.890507114232346,0.10949288576765426
5,4.708855609221565,0.29114439077843457
7,6.706209481813828,0.29379051818617175
7,6.900196869212624,0.09980313078737613
8,8.302775142594415,-0.30277514259441496
5,5.105171990438478,-0.10517199043847825
3,3.2068986490728,-0.2068986490728002
7,7.723967963547602,-0.7239679635476017
9,8.220892586572567,0.7791074134274325
7,7.505608752763445,-0.505608752763445
7,7.992188834845084,-0.9921888348450842
7,7.381137427424181,-0.3811374274241812
5,4.713728382517971,0.28627161748202923
7,6.600240925980861,0.3997590740191388
7,7.406505862161004,-0.40650586216100404
7,7.88141043706272,-0.88141043706272
5,4.968363312022934,0.0316366879770662
3,3.715684720997788,-0.7156847209977881
8,7.886143024121424,0.11385697587857635
4,3.820223742963633,0.1797762570363668
3,4.140900876933848,-1.1409008769338476
9,8.602939047975173,0.3970609520248267
7,6.871636308923752,0.128363691076248
9,8.497641386475692,0.5023586135243079
9,8.37671711427792,0.6232828857220802
4,3.8385666082064556,0.16143339179354443
8,7.7577955572873,0.24220444271270036
5,4.819043382405552,0.1809566175944477
8,7.537691700626116,0.46230829937388407
4,5.0937181283225,-1.0937181283225001
7,6.569207666135629,0.4307923338643711
7,7.45672084388471,-0.45672084388471035
6,6.270037538336701,-0.27003753833670086
5,4.568133862389603,0.43186613761039716
3,2.8956966619168916,0.10430333808310843
5,4.51430244553087,0.4856975544691302
8,7.970716456615797,0.029283543384202915
8,7.254917884668757,0.7450821153312432
4,3.898941994713028,0.10105800528697184
8,8.275668414327095,-0.2756684143270949
4,4.819043382405552,-0.8190433824055523
7,7.119093001592574,-0.11909300159257441
7,7.193125038884498,-0.1931250388844976
5,4.374858866159467,0.6251411338405326
4,3.2597819815546223,0.7402180184453777
6,5.438143328818325,0.5618566711816753
8,7.087837169353739,0.9121628306462606
7,6.74743204018738,0.2525679598126196
7,6.764809531405495,0.23519046859450476
7,7.066394315908675,-0.06639431590867506
9,9.019181087908324,-0.019181087908323846
5,4.922859960105096,0.07714003989490426
8,7.132503901586061,0.8674960984139393
7,6.779725069669584,0.22027493033041612
7,6.66104791648484,0.33895208351516004
6,4.52439509848533,1.4756049015146697
9,8.677941296241121,0.3220587037588789
4,3.932603909949451,0.06739609005054881
4,4.528010004924447,-0.5280100049244467
5,4.644781661450609,0.355218338549391
8,8.339359352062148,-0.3393593520621483
7,6.7995229952386715,0.20047700476132846
7,6.91607429419865,0.08392570580134961
8,7.089400872021126,0.9105991279788741
9,8.453586769003461,0.5464132309965386
5,5.000748960978038,-0.0007489609780382267
6,6.662495706160284,-0.6624957061602839
7,7.324391344048986,-0.32439134404898606
7,7.816184035569883,-0.8161840355698828
8,7.119345059582565,0.8806549404174353
8,7.577648114538726,0.422351885461274
5,4.811964367857609,0.18803563214239105
4,4.018282409577458,-0.018282409577458303
7,7.012659626333765,-0.012659626333764606
7,6.924827479760896,0.07517252023910359
5,4.727108928575084,0.2728910714249162
7,7.5874232094485805,-0.5874232094485805
5,5.270715260923225,-0.2707152609232253
8,8.033056388195492,-0.03305638819549195
4,3.8730538086819712,0.12694619131802876
7,6.814891833945259,0.18510816605474112
8,7.657559011066477,0.34244098893352337
8,8.313344275311625,-0.3133442753116249
6,6.780534191274876,-0.7805341912748762
4,4.578608221474395,-0.5786082214743953
9,8.69867322581316,0.3013267741868404
3,3.0889973602541816,-0.08899736025418159
7,8.195963198934999,-1.195963198934999
6,6.624321645897975,-0.6243216458979752
7,6.625078257860824,0.3749217421391764
9,7.9280344708463435,1.0719655291536565
7,7.203008341643151,-0.20300834164315074
5,3.795544913494696,1.204455086505304
8,8.643519425570743,-0.6435194255707426
8,7.439561027383098,0.5604389726169021
4,4.826624630605684,-0.8266246306056839
7,7.067637638868192,-0.06763763886819163
3,3.345713788199417,-0.3457137881994168
8,7.7409896716092605,0.25901032839073945
7,6.671922468504849,0.3280775314951514
7,6.8165638946179765,0.18343610538202348
5,5.159088339924782,-0.15908833992478222
7,7.175666292365486,-0.17566629236548614
9,8.9860636893996,0.013936310600399793
6,6.726051851043957,-0.7260518510439571
7,7.25913196489782,-0.2591319648978203
8,8.481317115250523,-0.4813171152505227
5,4.876487654040386,0.12351234595961369
8,6.7968227602934235,1.2031772397065765
5,5.305237995746023,-0.3052379957460234
4,3.7949462478183054,0.20505375218169464
5,5.192525145380881,-0.1925251453808814
3,3.6294725383914215,-0.6294725383914215
5,5.201052466096624,-0.2010524660966242
8,7.723587628441056,0.27641237155894416
8,7.637029579276787,0.3629704207232134
7,7.0316284312315736,-0.03162843123157355
7,6.593404312273046,0.40659568772695387
4,3.726344413846985,0.2736555861530152
8,7.331760768979216,0.6682392310207836
7,7.134499046002227,-0.13449904600222684
4,3.566348595279223,0.4336514047207771
5,4.4239075101258685,0.5760924898741315
5,4.909005443105894,0.09099455689410618
3,3.5211411072453473,-0.5211411072453473
7,7.184914196435757,-0.18491419643575657
5,5.091931041328726,-0.09193104132872598
7,7.255652387647363,-0.25565238764736264
6,7.3090521378697435,-1.3090521378697435
6,6.980656062116517,-0.980656062116517
8,7.526688271587666,0.4733117284123338
7,7.006004547202243,-0.006004547202243415
5,4.883909951069366,0.11609004893063357
7,6.86735564798484,0.13264435201516012
7,6.9713726734572194,0.02862732654278055
9,7.957191583286908,1.0428084167130924
7,7.109562082491869,-0.10956208249186883
8,7.70632845635627,0.2936715436437298
7,6.960031659072505,0.03996834092749513
6,7.084018831775609,-1.0840188317756088
5,4.713554780326748,0.28644521967325165
4,4.703440415530132,-0.7034404155301317
5,4.891985482452568,0.1080145175474323
5,5.2663251457457,-0.2663251457457001
7,7.292138927243129,-0.29213892724312895
7,6.704355712722052,0.29564428727794834
8,7.564061383084698,0.4359386169153021
7,6.944764098275816,0.05523590172418391
9,8.262398158486034,0.7376018415139658
5,4.9782670807347245,0.02173291926527554
8,7.757867913292387,0.24213208670761333
4,4.068915010764761,-0.06891501076476114
8,7.249924541984608,0.7500754580153917
5,4.848389816527267,0.1516101834727328
9,8.262792732830855,0.7372072671691452
7,7.004591809364627,-0.004591809364627331
4,4.873527054950876,-0.873527054950876
8,7.023615636422305,0.9763843635776954
5,4.4554311368679755,0.5445688631320245
8,7.120974172673337,0.8790258273266627
5,4.821051248632278,0.17894875136772193
8,7.656528888807747,0.3434711111922528
5,5.155593925424899,-0.15559392542489903
8,8.287282873026927,-0.28728287302692657
8,7.029789074644891,0.9702109253551088
6,6.860722743380058,-0.8607227433800579
5,4.888425139717246,0.11157486028275443
6,6.8138702104527535,-0.8138702104527535
7,6.621099888578839,0.378900111421161
8,7.84958946619715,0.15041053380284986
9,8.812718666185598,0.18728133381440237
7,7.672200175722399,-0.6722001757223994
4,5.125238426307563,-1.125238426307563
4,4.13947092660987,-0.13947092660986993
7,8.27121682190415,-1.2712168219041509
7,7.390551559054124,-0.3905515590541242
3,3.464111246664194,-0.4641112466641939
7,6.885608267200174,0.11439173279982562
9,9.003023991187208,-0.003023991187207642
3,3.532659394900003,-0.5326593949000031
4,4.231190732068276,-0.231190732068276
4,3.8444404384816577,0.15555956151834227
8,7.639605815512348,0.36039418448765215
7,7.650171710539483,-0.6501717105394826
4,3.51161012978658,0.4883898702134202
5,4.9433663164502955,0.05663368354970455
9,8.954549035008723,0.045450964991276877
4,3.625508959779844,0.374491040220156
7,8.0950650741812,-1.0950650741811998
5,5.007202480055354,-0.007202480055354066
7,7.279121918158132,-0.2791219181581317
8,7.497659776943538,0.5023402230564624
5,5.110433925757914,-0.11043392575791433
3,2.894862327105356,0.10513767289464404
7,7.247566199735085,-0.2475661997350853
9,8.386543028787822,0.6134569712121785
8,7.912584309476738,0.0874156905232617
5,4.98731063793813,0.012689362061870213
5,4.9312969103618185,0.0687030896381815
6,6.780872035761911,-0.7808720357619112
5,4.837019619654484,0.1629803803455161
4,4.873540989940185,-0.8735409899401851
5,5.180095866828617,-0.18009586682861656
9,8.977744845873517,0.02225515412648349
7,6.936482977399817,0.0635170226001831
6,7.3349144164045335,-1.3349144164045335
4,4.896542606243608,-0.8965426062436084
7,7.057669827250468,-0.057669827250467876
7,7.10582791401656,-0.10582791401655989
8,7.7022607759811095,0.2977392240188905
8,8.543561913712294,-0.5435619137122938
7,6.636031063592508,0.36396893640749184
6,6.494647823401493,-0.49464782340149327
7,8.110150878471174,-1.110150878471174
5,4.128952289434954,0.8710477105650458
7,7.1385600194117815,-0.13856001941178153
4,4.696587628183878,-0.6965876281838783
9,8.94341386664022,0.05658613335977947
4,4.581887341962908,-0.5818873419629078
7,6.333508590339785,0.6664914096602148
6,6.581897467816012,-0.5818974678160123
5,4.961947447238718,0.03805255276128161
7,6.967462889633725,0.032537110366274824
5,5.016904401668626,-0.016904401668625724
8,7.151948799899962,0.8480512001000378
5,4.296393325959382,0.7036066740406177
6,6.933255034788408,-0.9332550347884077
4,4.700416946531789,-0.7004169465317887
6,6.746598972917828,-0.7465989729178277
5,5.192790429754232,-0.19279042975423177
7,6.760438670963789,0.23956132903621086
6,6.5443663262925735,-0.5443663262925735
6,6.725029887608259,-0.725029887608259
8,8.347328188085198,-0.34732818808519816
5,4.3176940326631525,0.6823059673368475
8,8.735312008119811,-0.735312008119811
7,6.808276590812082,0.19172340918791786
7,7.152555026184357,-0.15255502618435735
8,8.355748972912092,-0.3557489729120924
5,5.58657098903478,-0.5865709890347803
4,4.048048516338498,-0.048048516338497826
4,4.936993207889622,-0.9369932078896221
8,7.692632383951369,0.30736761604863094
7,7.300116853896915,-0.300116853896915
7,7.306847543375459,-0.3068475433754587
4,4.890716194621717,-0.8907161946217172
9,8.412264519742706,0.5877354802572938
8,6.715527362301537,1.284472637698463
4,3.6484340140325,0.3515659859675
8,7.790871976915844,0.20912802308415568
3,3.416325228515089,-0.41632522851508913
8,7.530250141270779,0.46974985872922126
7,6.934002587094373,0.06599741290562733
6,6.519824080160093,-0.5198240801600926
7,6.876617454521414,0.12338254547858618
4,4.677225179034624,-0.6772251790346244
6,6.524222667421309,-0.5242226674213093
4,3.886138891446288,0.11386110855371179
8,7.7351430118215685,0.2648569881784315
5,5.284721532246925,-0.284721532246925
4,4.049942464886707,-0.04994246488670662
8,8.084314628088356,-0.08431462808835555
5,4.821986895778819,0.178013104221181
8,7.771510101928047,0.2284898980719534
6,6.832964247355263,-0.832964247355263
8,7.6445685166478174,0.35543148335218255
8,8.542624531911146,-0.5426245319111462
9,8.945704947847249,0.05429505215275121
7,7.413683441763915,-0.413683441763915
8,7.757985228599157,0.24201477140084293
7,7.179067209728484,-0.17906720972848422
7,7.129165021142138,-0.12916502114213824
5,4.786171721348604,0.21382827865139564
8,8.109377917396738,-0.10937791739673841
9,8.863541378787636,0.1364586212123644
8,7.2461128206449095,0.7538871793550905
5,4.502625009780129,0.4973749902198712
7,6.563029699868445,0.4369703001315548
7,6.898028153078029,0.10197184692197059
7,7.013184139243309,-0.01318413924330919
6,6.842786203834895,-0.842786203834895
8,7.405190754528906,0.5948092454710938
5,4.290094796176269,0.7099052038237312
8,8.024505520853154,-0.02450552085315394
4,3.7421727849264026,0.2578272150735974
6,5.2994734769744225,0.7005265230255775
7,7.113692626172435,-0.11369262617243514
9,8.82128864598089,0.17871135401911076
7,7.869104857501595,-0.8691048575015952
5,4.870930916694345,0.12906908330565514
4,4.873025064023126,-0.8730250640231256
7,6.998161354585079,0.0018386454149208475
9,9.028588973825197,-0.028588973825197428
8,7.129165021142138,0.8708349788578618
7,7.467470652061882,-0.4674706520618823
7,7.338267912205545,-0.338267912205545
4,4.37424494011265,-0.37424494011264997
4,4.303626136946334,-0.3036261369463338
4,3.917077157984404,0.08292284201559585
7,7.0762896616855,-0.07628966168550022
7,6.979609707465022,0.02039029253497837
8,7.650283887307859,0.34971611269214087
8,8.112245748215457,-0.1122457482154573
4,4.16157627416082,-0.16157627416082043
7,6.991787889632676,0.00821211036732361
3,3.604033702558617,-0.6040337025586169
5,4.88350458395055,0.11649541604944957
5,5.07047574454459,-0.0704757445445896
5,5.098501408233958,-0.09850140823395837
7,6.923024171270252,0.07697582872974795
4,4.888299075685201,-0.8882990756852012
7,7.061542260342791,-0.06154226034279109
7,7.3823566489491625,-0.38235664894916255
5,4.35759371115117,0.6424062888488304
7,6.892167622838538,0.10783237716146221
7,6.985018181997867,0.014981818002133274
4,4.383929187201595,-0.38392918720159486
5,4.589283639010628,0.4107163609893716
8,7.864659687185281,0.13534031281471925
6,6.418502105736052,-0.41850210573605207
5,4.981714461533157,0.01828553846684322
6,6.949860761441975,-0.9498607614419754
7,7.654556243998836,-0.6545562439988357
7,7.337732670671831,-0.3377326706718309
7,6.4115578491348275,0.5884421508651725
9,8.598029006837374,0.4019709931626263
7,7.318785193742926,-0.3187851937429258
5,4.8780455804282346,0.12195441957176545
8,7.723121325958816,0.2768786740411837
7,7.5937957090404336,-0.5937957090404336
7,6.9238321125550275,0.07616788744497249
5,4.747515804275467,0.2524841957245334
4,3.995151160367191,0.004848839632809021
4,3.783141831338566,0.21685816866143393
5,5.100696719987015,-0.10069671998701502
7,6.820788758538453,0.1792112414615472
8,7.526851149937464,0.47314885006253604
7,6.801770770550457,0.19822922944954335
5,5.013557649639527,-0.013557649639526659
9,9.02874250953419,-0.02874250953419022
4,4.2250887939816835,-0.22508879398168347
6,6.7933100325482,-0.7933100325481997
7,6.923534059679663,0.07646594032033693
7,7.724410595773256,-0.7244105957732563
4,4.289903897048259,-0.2899038970482586
7,7.126576467365802,-0.12657646736580208
5,4.346959651918198,0.6530403480818023
8,7.512260918633499,0.48773908136650057
8,7.669459152603398,0.33054084739660183
6,6.44171290084259,-0.44171290084258974
9,8.075552425032194,0.9244475749678056
7,6.9642330226494416,0.03576697735055845
5,5.145994476710262,-0.14599447671026233
8,7.235423827616561,0.764576172383439
5,4.884283019073522,0.11571698092647775
5,4.665678840474792,0.33432115952520824
9,8.991557771072468,0.008442228927531659
4,4.883818901029155,-0.8838189010291551
3,3.9452920582258733,-0.9452920582258733
8,8.480281938880294,-0.48028193888029413
5,4.801005314793785,0.19899468520621522
5,5.28061561536247,-0.28061561536247037
9,8.315615222274618,0.6843847777253824
7,7.061946677782715,-0.06194667778271512
5,4.716563113839426,0.2834368861605743
6,4.934718180836356,1.0652818191636442
7,7.968723069371164,-0.9687230693711637
8,8.08346309038059,-0.08346309038059019
7,7.435543083148768,-0.4355430831487679
8,7.273657923217767,0.7263420767822328
8,7.720935185152615,0.2790648148473851
7,6.82323632391677,0.17676367608322963
7,6.952752007611867,0.04724799238813304
8,8.321676144977566,-0.321676144977566
5,4.3291388083891285,0.6708611916108715
7,8.042589844930195,-1.0425898449301947
7,6.803701492784985,0.1962985072150154
4,4.137067487067057,-0.13706748706705696
5,4.705459984874099,0.294540015125901
5,4.889551167900898,0.11044883209910239
8,7.726617725306938,0.27338227469306187
5,4.983245066153786,0.016754933846214293
8,7.41691437996574,0.58308562003426
8,7.441779790479422,0.5582202095205782
7,7.059786069025663,-0.0597860690256633
6,5.157977918979221,0.8420220810207786
6,6.784894450530728,-0.7848944505307278
7,7.505986333017807,-0.5059863330178072
8,7.772994520971654,0.227005479028346
6,6.684520652174699,-0.6845206521746992
7,7.189198801167804,-0.1891988011678043
7,6.81770578254829,0.1822942174517097
7,7.499373462285621,-0.49937346228562074
8,8.226487022201868,-0.22648702220186756
9,8.658829306866593,0.34117069313340664
9,8.79517101621647,0.2048289837835302
7,7.662380573451116,-0.6623805734511157
8,7.138650779949805,0.8613492200501947
8,7.7332514842586875,0.26674851574131253
7,6.579242919630502,0.42075708036949777
7,6.590493768132827,0.40950623186717294
6,6.6514853435417125,-0.6514853435417125
5,4.775313763134507,0.22468623686549272
4,3.839298070948939,0.16070192905106095
6,7.092096869624115,-1.0920968696241147
8,7.705888656072859,0.294111343927141
4,4.518522340826485,-0.5185223408264852
4,4.460395990826072,-0.46039599082607197
8,7.314057468957712,0.6859425310422882
7,6.765534049713924,0.23446595028607575
4,3.6960349345720656,0.30396506542793444
8,7.1162513675158054,0.8837486324841946
9,8.644248806735805,0.35575119326419546
4,4.7969490475559935,-0.7969490475559935
7,7.291711605221014,-0.291711605221014
5,5.161082682676493,-0.16108268267649262
8,7.936424285597267,0.06357571440273269
7,6.786133373533414,0.2138666264665856
7,7.096502610747196,-0.09650261074719602
7,7.020073006171242,-0.02007300617124219
8,8.476956748787513,-0.47695674878751326
5,5.019155194041451,-0.01915519404145094
7,6.837719044130822,0.16228095586917757
4,4.003765974358854,-0.0037659743588536188
7,6.823792560700671,0.17620743929932914
4,4.022414684842981,-0.022414684842980925
8,7.628131706851905,0.3718682931480952
8,7.535989548607361,0.46401045139263886
4,4.689867692363036,-0.6898676923630358
6,6.913262990978411,-0.9132629909784109
8,7.808116240142012,0.1918837598579879
8,8.316945549278786,-0.3169455492787865
6,4.884750374506094,1.115249625493906
8,8.07389798445168,-0.07389798445167983
8,7.534032813018687,0.4659671869813131
5,4.623397749065945,0.37660225093405497
9,8.225376439174976,0.7746235608250238
7,8.407565330115114,-1.4075653301151139
7,7.130400542164102,-0.1304005421641019
4,3.738168647550363,0.26183135244963696
8,8.309722809573904,-0.30972280957390375
7,6.609868710412448,0.3901312895875524
6,7.04076338756644,-1.0407633875664404
7,7.117718839660593,-0.1177188396605926
4,4.457667190504165,-0.45766719050416516
5,5.024754598442263,-0.024754598442262576
7,7.148337373949856,-0.1483373739498557
5,5.1081250760586485,-0.10812507605864852
7,7.190971743690517,-0.1909717436905174
5,4.859176143280269,0.14082385671973086
6,7.389646408944004,-1.389646408944004
8,8.430394077967742,-0.4303940779677422
7,7.6193593969776945,-0.6193593969776945
5,5.019600528144604,-0.019600528144604112
4,4.903475937411439,-0.9034759374114394
7,7.082064977294374,-0.08206497729437423
4,4.053744333711589,-0.05374433371158904
7,6.78798553241593,0.21201446758407005
4,4.312681895135962,-0.31268189513596223
5,5.103309705550886,-0.10330970555088559
8,8.471379478375757,-0.47137947837575744
6,5.265351975442198,0.734648024557802
8,8.169275971465053,-0.16927597146505313
5,4.760883445595817,0.2391165544041831
4,3.7806116265741174,0.21938837342588258
8,7.879312505674414,0.12068749432558601
5,4.858438686185566,0.14156131381443426
4,4.4320793974684864,-0.43207939746848645
5,4.830637897593739,0.16936210240626082
6,6.629205555946245,-0.6292055559462453
7,7.319215895075811,-0.3192158950758106
5,4.706632510194726,0.2933674898052736
8,7.7674354436994655,0.23256455630053452
5,4.625234759668204,0.37476524033179626
5,4.826070689225963,0.17392931077403695
7,7.264941086451562,-0.2649410864515618
7,7.185902724415566,-0.1859027244155662
7,6.9940624754576115,0.005937524542388495
5,4.917233016403476,0.08276698359652368
8,7.380777021712939,0.6192229782870609
8,8.00458455944376,-0.004584559443760128
5,4.980298481460112,0.019701518539887886
9,8.938155479629492,0.06184452037050825
8,8.089203941078642,-0.08920394107864205
5,4.370278937805384,0.6297210621946157
8,7.728909568610958,0.2710904313890419
5,5.071125053019975,-0.0711250530199754
6,6.626434337181426,-0.6264343371814256
9,9.044054440003567,-0.04405444000356695
5,4.56708791874387,0.4329120812561298
7,7.679327750991033,-0.6793277509910327
5,4.55256320861604,0.44743679138395986
8,7.8061367518874665,0.19386324811253353
8,7.860681321802894,0.13931867819710586
4,5.19328322745859,-1.1932832274585898
7,7.407987289813321,-0.4079872898133212
6,5.4387626594445635,0.5612373405554365
5,5.157117699865554,-0.15711769986555435
8,7.916340974703302,0.083659025296698
7,7.23103246803795,-0.23103246803794963
7,6.981345018443685,0.018654981556315064
8,7.805801190674233,0.19419880932576739
7,7.424099376938301,-0.424099376938301
8,7.879312505674414,0.12068749432558601
7,7.144035776069298,-0.1440357760692983
7,7.872995457976251,-0.8729954579762511
5,4.5897100216724915,0.41028997832750846
3,3.4296582268549596,-0.4296582268549596
5,4.565881060666282,0.43411893933371815
4,4.521181257856574,-0.5211812578565738
8,7.23354630944437,0.7664536905556298
6,6.558784575617808,-0.5587845756178078
5,5.383574902162005,-0.38357490216200496
8,7.575443989551194,0.4245560104488062
7,6.4521559901534475,0.5478440098465525
9,8.066355259330129,0.9336447406698714
7,6.874436789920423,0.12556321007957738
5,4.0420530170096285,0.9579469829903715
4,3.891989076072235,0.10801092392776512
8,7.627381187827716,0.3726188121722842
8,7.969737084397596,0.030262915602404128
8,7.8054695549789255,0.19453044502107453
8,8.831350377186611,-0.8313503771866113
7,7.968402876278406,-0.9684028762784056
7,6.749627633608726,0.25037236639127425
7,6.981923287802413,0.018076712197586886
4,4.110703335628794,-0.11070333562879409
9,8.096535540131827,0.9034644598681734
5,4.831840019107376,0.16815998089262418
7,6.518629700159364,0.48137029984063595
4,4.548193381075905,-0.5481933810759054
6,4.69542577967458,1.3045742203254198
8,7.479715669340965,0.5202843306590346
7,7.048759559157426,-0.04875955915742569
8,7.71149035685151,0.28850964314849037
5,5.330544200344786,-0.3305442003447858
7,6.845800151660483,0.15419984833951705
8,8.261482966622474,-0.2614829666224736
7,7.02327472780115,-0.023274727801149808
8,7.715119160347557,0.28488083965244293
7,6.807322638809621,0.1926773611903787
7,7.250524617626323,-0.25052461762632294
8,7.6396864785851415,0.3603135214148585
7,7.50894267386313,-0.50894267386313
5,4.2773734789368785,0.7226265210631215
9,8.77296255479259,0.22703744520740976
5,5.073963317574792,-0.07396331757479224
7,7.263204164305794,-0.26320416430579385
8,8.225187538939315,-0.22518753893931454
5,4.855956561890326,0.1440434381096738
7,7.5157149816163855,-0.5157149816163855
9,8.829262843596094,0.17073715640390574
4,4.426972042129882,-0.42697204212988193
8,7.377597898791964,0.6224021012080359
4,4.558518495336967,-0.5585184953369673
8,8.597360582510333,-0.5973605825103334
8,8.740988604415,-0.7409886044149996
8,7.070122016132077,0.9298779838679234
5,4.794249946726204,0.20575005327379614
7,6.893012911088126,0.10698708891187358
4,3.866469600581711,0.13353039941828904
5,5.274183222828117,-0.2741832228281167
4,4.686058961828534,-0.6860589618285342
5,5.053014218584897,-0.053014218584896966
4,4.935122334634362,-0.9351223346343618
8,7.902487316960294,0.09751268303970573
4,4.891865573157646,-0.8918655731576459
8,8.28949152369601,-0.28949152369600917
7,7.39849065209274,-0.3984906520927396
7,6.797142660855275,0.2028573391447246
6,6.686141073342799,-0.6861410733427986
8,6.917841926432502,1.0821580735674976
9,8.891766897508774,0.10823310249122642
5,4.103147251432493,0.8968527485675066
8,8.075487456110288,-0.07548745611028806
4,4.632152871204894,-0.6321528712048936
7,7.363527720113472,-0.36352772011347234
7,6.758306716543741,0.24169328345625907
7,7.327028049661969,-0.3270280496619691
7,6.484266495586087,0.5157335044139133
8,7.2529322039786015,0.7470677960213985
4,4.75427200833669,-0.7542720083366898
7,7.074011762941538,-0.074011762941538
8,7.557668209819631,0.4423317901803694
8,7.139202200483923,0.8607977995160772
6,6.579570698374749,-0.5795706983747486
7,6.977454767704716,0.02254523229528438
4,3.8124230156395846,0.18757698436041537
5,4.409704082912245,0.5902959170877553
5,4.851696033410056,0.14830396658994438
6,7.320093165309339,-1.3200931653093386
7,7.182647953627179,-0.18264795362717923
7,6.815169342910819,0.18483065708918112
7,6.687550516982697,0.3124494830173026
6,6.8112121278508075,-0.8112121278508075
5,4.676161376817379,0.32383862318262135
5,4.762961665982292,0.2370383340177078
7,7.2655198939210175,-0.2655198939210175
7,7.014373109313912,-0.01437310931391167
7,6.915849937086706,0.0841500629132943
7,7.0139204181841714,-0.013920418184171446
4,4.821301985283836,-0.8213019852838359
9,8.990431041537766,0.009568958462233823
8,8.078062606594267,-0.07806260659426734
5,4.868140157297598,0.1318598427024016
7,6.5238682686174565,0.4761317313825435
5,5.103952127016736,-0.10395212701673628
6,7.154945413992326,-1.1549454139923263
9,7.7304385315987245,1.2695614684012755
8,7.316500680813891,0.683499319186109
6,6.338257688557872,-0.33825768855787164
4,4.416698942040859,-0.4166989420408589
5,4.830554052824591,0.16944594717540884
4,4.0284549876044835,-0.028454987604483506
5,4.043867042292018,0.9561329577079816
8,7.740240248917753,0.2597597510822469
7,6.901267439183813,0.09873256081618731
6,5.050734274790541,0.9492657252094592
7,7.150720125978509,-0.15072012597850915
7,6.812341784003074,0.187658215996926
7,6.549618628380766,0.4503813716192342
5,4.862693302911911,0.13730669708808918
7,6.993635033006691,0.006364966993309018
3,3.4256610428770147,-0.4256610428770147
6,5.176937873134009,0.8230621268659908
8,7.4218092645261065,0.5781907354738935
8,8.038357505872085,-0.038357505872085085
7,7.854577465313558,-0.8545774653135583
6,6.337874116892042,-0.33787411689204205
7,6.914554962901096,0.08544503709890439
5,4.326478573207896,0.6735214267921039
9,9.017182939977001,-0.017182939977001155
6,5.232956790046863,0.7670432099531368
7,7.033675094446097,-0.03367509444609684
3,3.60672554591448,-0.6067255459144798
5,5.124153863268883,-0.12415386326888278
5,5.127322435090292,-0.12732243509029217
7,7.634637753348743,-0.6346377533487431
8,8.2194444724522,-0.21944447245219934
8,8.159753354328917,-0.15975335432891669
6,6.996726723349776,-0.9967267233497763
4,3.9922841833749243,0.0077158166250757
5,4.878419716823864,0.12158028317613567
7,7.523940484591083,-0.5239404845910833
7,7.367515459451752,-0.36751545945175224
7,6.6344867762375825,0.36551322376241746
4,4.298933054734822,-0.2989330547348219
5,4.91498991576087,0.08501008423912992
5,4.3772795297703135,0.6227204702296865
5,4.853421705649792,0.14657829435020808
6,6.690070094374058,-0.6900700943740583
4,3.745284866900046,0.2547151330999542
8,7.476507353080299,0.523492646919701
8,7.8012791872575455,0.19872081274245446
5,4.732137279679583,0.2678627203204167
5,5.054156021922292,-0.0541560219222923
7,6.769410482006441,0.2305895179935593
9,8.270349025784968,0.7296509742150317
5,5.12376633075191,-0.12376633075191013
9,7.8593591933236215,1.1406408066763785
8,7.792674574361794,0.20732542563820644
5,4.721459762999191,0.27854023700080877
3,4.312032777933277,-1.3120327779332772
7,7.172700472059248,-0.17270047205924843
7,7.278828198836598,-0.2788281988365977
6,6.8481167080797505,-0.8481167080797505
5,4.880851671651387,0.11914832834861322
5,4.8575227393399665,0.14247726066003352
8,8.809677092545014,-0.8096770925450141
5,4.487231840974539,0.5127681590254607
7,6.403727638304039,0.5962723616959611
7,7.237618947055352,-0.2376189470553518
8,7.613890897117567,0.3861091028824326
7,6.46778643325792,0.5322135667420804
5,4.303839134000803,0.6961608659991967
9,8.093082775044175,0.9069172249558246
5,4.2791701723341635,0.7208298276658365
5,4.808818198909321,0.1911818010906794
5,4.849681152765257,0.1503188472347432
5,4.738976872478373,0.2610231275216268
8,8.08554796220874,-0.08554796220873939
8,7.360203278506075,0.6397967214939246
9,8.876516823993414,0.12348317600658554
7,6.537237527704364,0.46276247229563605
7,6.805179632563601,0.19482036743639863
7,7.75228337868754,-0.7522833786875402
5,5.102725134113683,-0.10272513411368323
5,4.692749154582916,0.3072508454170837
8,7.279885695799237,0.720114304200763
9,8.797254813083164,0.20274518691683596
8,6.921447792490812,1.0785522075091878
7,7.100725107468932,-0.10072510746893215
8,8.196787760376246,-0.196787760376246
7,6.947902432298834,0.052097567701165914
3,4.232463813620645,-1.2324638136206447
8,7.321031805860002,0.6789681941399976
8,8.749890523563835,-0.7498905235638347
7,7.2981811625150845,-0.29818116251508453
5,4.750016618493363,0.24998338150663724
8,8.144219440078595,-0.14421944007859544
8,8.407261622596945,-0.40726162259694476
5,4.810938456020971,0.18906154397902863
5,4.570650466192148,0.42934953380785235
7,7.052437348437199,-0.05243734843719938
8,7.724761723791098,0.27523827620890184
7,6.657620299773154,0.3423797002268456
6,6.2761169561521735,-0.27611695615217347
5,5.002873624549049,-0.0028736245490490475
7,7.1296852530691,-0.12968525306910017
8,7.626271891517153,0.37372810848284743
5,5.3407315031418054,-0.34073150314180545
5,5.200334173917484,-0.20033417391748376
7,7.103628107903426,-0.10362810790342625
8,7.494781105257095,0.5052188947429048
5,4.4350404559209915,0.5649595440790085
7,7.268087983436849,-0.2680879834368488
4,3.7758580285123413,0.2241419714876587
4,4.344454418090661,-0.3444544180906606
5,4.566668910207405,0.4333310897925946
5,4.978085056539336,0.021914943460664027
5,4.4391334560039235,0.5608665439960765
7,7.119976450782074,-0.1199764507820742
8,8.106917998096353,-0.10691799809635327
5,4.9367413965353855,0.06325860346461454
7,7.130572742101299,-0.13057274210129943
9,8.284840127863973,0.7151598721360273
6,5.279924731854449,0.7200752681455507
7,7.422158947124766,-0.42215894712476576
5,4.193721920290579,0.8062780797094211
7,7.5752082464586215,-0.5752082464586215
4,4.048461968468027,-0.048461968468027194
7,7.026504068426739,-0.026504068426739025
7,6.698751171175041,0.30124882882495907
8,8.156096156937135,-0.15609615693713508
4,4.331862387161011,-0.3318623871610109
5,4.4556468926079855,0.5443531073920145
8,8.079931313814026,-0.07993131381402563
8,8.16968010197855,-0.16968010197854966
7,7.172168518130072,-0.17216851813007228
4,4.634832572768022,-0.6348325727680217
7,7.652597467645251,-0.6525974676452506
5,5.065443444891622,-0.06544344489162235
5,5.308914378451822,-0.30891437845182157
7,6.740886542637503,0.25911345736249736
7,7.58921140028596,-0.5892114002859596
8,7.704890519279251,0.2951094807207486
7,6.877835144670002,0.12216485532999766
5,4.6874182508908655,0.3125817491091345
5,5.220932626580386,-0.22093262658038615
8,7.163213094267467,0.8367869057325326
6,6.700388337534851,-0.700388337534851
6,6.888502908762727,-0.8885029087627272
8,7.576220551904653,0.4237794480953472
7,6.960278968788482,0.03972103121151793
7,6.772174279775185,0.22782572022481506
8,7.845404333358335,0.15459566664166502
6,4.421040012039437,1.5789599879605634
7,6.5243746738718,0.47562532612819997
8,7.286845432673505,0.7131545673264954
7,7.030197344298937,-0.030197344298937168
7,6.966377231981572,0.033622768018427784
8,8.011619220206335,-0.011619220206334546
5,4.831168507705491,0.1688314922945091
9,7.653412123919645,1.3465878760803554
8,8.267045743773695,-0.2670457437736946
6,6.820599755447423,-0.8205997554474234
4,4.2895552199882,-0.2895552199882001
7,6.931916851148447,0.06808314885155298
6,6.5882782334145515,-0.5882782334145515
5,5.101461851604705,-0.10146185160470456
7,7.709367771794158,-0.7093677717941578
7,6.844283180048906,0.15571681995109365
8,7.669089980928086,0.3309100190719141
7,7.4377953365142035,-0.43779533651420355
9,8.15386589312434,0.8461341068756596
8,8.058291773127591,-0.05829177312759093
8,8.055160190459144,-0.05516019045914433
7,6.816532228673382,0.18346777132661796
7,7.323988628418568,-0.3239886284185678
9,8.968949155634782,0.03105084436521821
5,5.383638951002953,-0.3836389510029532
5,5.238616050575453,-0.23861605057545265
7,6.673293930767948,0.3267060692320518
5,5.265948736017395,-0.2659487360173953
5,4.4110935050055895,0.5889064949944105
5,4.808493858792719,0.19150614120728093
6,5.0796618699026475,0.9203381300973525
7,6.742295428125133,0.25770457187486695
7,7.432148755011217,-0.43214875501121686
6,6.597729669500831,-0.597729669500831
7,6.393973429729139,0.6060265702708607
4,3.400032012920067,0.5999679870799328
8,7.196509315343507,0.8034906846564933
7,7.075935358276371,-0.07593535827637066
8,7.27654911419458,0.7234508858054198
7,7.35439814221055,-0.35439814221054977
4,4.667037506407693,-0.6670375064076932
7,7.015725064822811,-0.015725064822810886
4,3.8087254224686764,0.1912745775313236
8,7.837528369588737,0.16247163041126278
4,4.397674720480281,-0.3976747204802811
6,6.720199912938267,-0.7201999129382672
5,4.404553498656051,0.5954465013439494
6,6.323632726132578,-0.323632726132578
7,6.736845151128211,0.26315484887178897
5,4.973562834508478,0.026437165491522308
5,4.984492920401949,0.015507079598051199
7,6.975151416460651,0.024848583539348823
8,6.89147007667299,1.1085299233270103
4,4.142919417136238,-0.14291941713623757
5,4.777567103476564,0.22243289652343634
4,3.9452920582258733,0.054707941774126745
5,5.276085043350332,-0.27608504335033235
7,7.425900940821766,-0.42590094082176577
4,4.747528339349866,-0.7475283393498664
8,7.834083232829021,0.16591676717097936
7,6.819228797341965,0.18077120265803526
5,5.242242935132851,-0.24224293513285122
7,6.7496187370710095,0.25038126292899054
4,3.395774254241061,0.6042257457589391
8,7.344082652761262,0.6559173472387378
9,8.864240515373647,0.13575948462635345
8,8.169637318429942,-0.16963731842994179
2,2.921686387821719,-0.921686387821719
6,5.073788775675405,0.9262112243245948
5,4.91089335586352,0.08910664413648028
5,4.815640201567313,0.1843597984326868
7,7.613100004356967,-0.6131000043569674
5,4.681907203641774,0.3180927963582256
4,4.62173503667362,-0.6217350366736198
6,6.455138402222219,-0.4551384022222189
8,7.295989575342105,0.7040104246578949
9,8.2535061616293,0.7464938383707
9,7.9260360482162975,1.0739639517837025
8,8.059556656461787,-0.05955665646178687
8,8.003452451866696,-0.0034524518666962933
7,7.02660462944459,-0.026604629444589634
7,7.136666771970115,-0.13666677197011534
4,4.7820107840860775,-0.7820107840860775
7,6.991852908445189,0.00814709155481097
4,4.3820286279884,-0.3820286279884
7,6.830151779945155,0.16984822005484457
9,8.479924388741459,0.520075611258541
9,8.796329444483854,0.20367055551614577
4,4.127706222204317,-0.12770622220431704
5,5.19996343209755,-0.19996343209755008
8,7.966948204340538,0.03305179565946226
8,8.067447933421763,-0.06744793342176258
7,6.531985650538338,0.4680143494616624
8,7.137466685956173,0.8625333140438274
7,7.003879887038352,-0.003879887038351626
8,8.216866145124456,-0.216866145124456
6,5.238640825927311,0.7613591740726893
7,6.755255214708365,0.24474478529163513
5,4.564992901424335,0.43500709857566466
8,7.313913344629655,0.6860866553703451
7,6.798723534316497,0.20127646568350333
8,7.575443989551194,0.4245560104488062
7,7.199553351355963,-0.19955335135596286
8,8.207998707478888,-0.20799870747888782
7,7.966421761729642,-0.9664217617296416
7,6.5272105603786965,0.4727894396213035
8,7.3236614154969155,0.6763385845030845
8,7.348051325847374,0.6519486741526261
8,7.590115815505023,0.40988418449497743
7,6.973317302816991,0.026682697183009196
8,7.879775030157551,0.12022496984244935
4,3.8299250311871553,0.17007496881284467
7,6.717571446277757,0.2824285537222426
4,4.365481636837299,-0.3654816368372993
9,8.848475936801698,0.15152406319830192
8,7.670085993683341,0.3299140063166588
5,5.313853557010321,-0.31385355701032136
7,7.287029470999997,-0.28702947099999676
5,4.531511498885425,0.4684885011145754
7,6.64744183946642,0.35255816053358036
4,4.13692149740526,-0.13692149740526016
5,4.943960882080501,0.056039117919499226
7,7.360070474432305,-0.36007047443230533
8,8.464385881995543,-0.4643858819955433
9,9.021315211320031,-0.021315211320031224
9,8.984726181454274,0.015273818545725959
9,8.074884897795872,0.9251151022041277
3,3.7816342692250187,-0.7816342692250187
8,8.105656412245118,-0.10565641224511779
7,7.492857384663044,-0.4928573846630444
8,8.073812431372499,-0.07381243137249882
5,5.200560054415254,-0.20056005441525393
8,7.961773301429577,0.03822669857042271
8,8.23057454509918,-0.23057454509918074
7,7.203357509075606,-0.20335750907560612
9,8.78661931527517,0.21338068472483052
7,7.193832677304683,-0.193832677304683
7,7.926630275546107,-0.9266302755461071
9,7.757706767153788,1.2422932328462117
7,7.8383237933485805,-0.8383237933485805
6,6.43355660868968,-0.43355660868968027
9,8.681984517676815,0.3180154823231849
6,7.152967541221037,-1.1529675412210372
7,7.319574718710002,-0.319574718710002
7,6.835587670480493,0.16441232951950724
7,6.807998550548902,0.19200144945109798
9,8.242020976649338,0.7579790233506625
7,7.442192192084185,-0.44219219208418536
7,6.823024294997015,0.17697570500298543
5,4.434826511783544,0.5651734882164563
4,3.5807867852016417,0.41921321479835827
7,7.035760234779765,-0.0357602347797652
8,8.106314852338082,-0.10631485233808213
7,6.87325231232774,0.1267476876722604
8,6.984051979341968,1.0159480206580316
8,7.74485495340362,0.2551450465963798
5,4.730053897393582,0.2699461026064176
4,4.417906705085739,-0.4179067050857386
8,7.868449362372845,0.13155063762715535
8,8.071584404114288,-0.07158440411428835
9,8.457279678237846,0.5427203217621539
8,7.166529024798094,0.833470975201906
5,4.825099519705331,0.17490048029466898
7,7.360535285888827,-0.3605352858888269
7,6.604060711752155,0.3959392882478454
3,3.2919329662523795,-0.2919329662523795
7,7.495922183704911,-0.49592218370491103
8,7.051657659869482,0.9483423401305178
5,5.0113441413087765,-0.011344141308776479
7,7.138923563347684,-0.1389235633476842
4,3.422500059664794,0.5774999403352061
7,6.305068478694665,0.6949315213053353
7,6.773397343156227,0.2266026568437729
8,7.992188834845084,0.007811165154915756
5,5.197734888699775,-0.19773488869977474
4,4.377885730945812,-0.37788573094581235
8,8.257351632638002,-0.2573516326380023
4,4.012760270346493,-0.012760270346492852
4,4.46400165345484,-0.4640016534548401
8,7.499870561516445,0.5001294384835546
7,6.690031207425719,0.30996879257428134
7,6.776213593831581,0.22378640616841938
5,4.749464901870821,0.25053509812917873
7,7.334781943963769,-0.3347819439637689
7,7.119441862254006,-0.1194418622540061
6,6.750736966731118,-0.7507369667311181
5,4.426558349279784,0.5734416507202162
8,7.973462789893314,0.026537210106686082
5,4.391347425487132,0.6086525745128677
9,8.974820784907301,0.025179215092698826
8,8.217026558050057,-0.21702655805005655
5,3.6523059742426174,1.3476940257573826
7,7.187257703304351,-0.18725770330435143
6,5.093961104247586,0.9060388957524141
6,5.305684666823007,0.6943153331769931
7,7.656825030127968,-0.6568250301279681
7,7.01398832544086,-0.013988325440860372
6,7.175985375865711,-1.1759853758657108
7,6.60235449367249,0.3976455063275104
8,8.569190882909929,-0.569190882909929
8,7.550012010457171,0.44998798954282915
3,4.038939594806185,-1.0389395948061848
8,8.073909870051171,-0.07390987005117111
8,7.782211260106176,0.21778873989382408
7,7.2950534446232025,-0.2950534446232025
5,4.980359639795518,0.01964036020448212
3,3.789135827410131,-0.789135827410131
2,2.50204109573729,-0.5020410957372898
7,6.865260078145537,0.1347399218544627
7,7.027310188725281,-0.027310188725280682
9,8.238053475812135,0.7619465241878647
7,6.4618909090562635,0.5381090909437365
7,7.34456597709615,-0.34456597709615
7,6.968327477743778,0.03167252225622175
7,7.044760984657699,-0.04476098465769862
6,7.423501361268366,-1.4235013612683662
7,6.640418453371565,0.35958154662843533
6,5.220350056309319,0.7796499436906812
5,4.922686877763837,0.07731312223616271
5,4.410283609078829,0.5897163909211711
7,6.891543404123411,0.10845659587658929
8,7.024617219932692,0.9753827800673083
7,6.818093887692123,0.18190611230787734
6,6.386929091483092,-0.3869290914830916
5,5.24012684815185,-0.24012684815185015
4,4.629792065372208,-0.6297920653722082
4,4.576814607795414,-0.5768146077954137
7,6.805179632563601,0.19482036743639863
7,6.652827379192189,0.34717262080781097
5,4.865403022533814,0.13459697746618637
2,3.695962574361669,-1.695962574361669
7,7.61535913420179,-0.6153591342017899
9,8.997200787064573,0.0027992129354270645
4,3.6407555506995335,0.3592444493004665
7,6.912006761453914,0.08799323854608598
7,6.898963958156119,0.10103604184388093
9,8.507558472070956,0.49244152792904394
7,7.3417345339732965,-0.34173453397329645
8,7.66692713075571,0.33307286924429036
8,7.923757581918896,0.07624241808110366
8,7.66457966078671,0.3354203392132904
7,7.3141801325714795,-0.3141801325714795
8,7.695842053191824,0.30415794680817587
8,8.074169223965637,-0.07416922396563663
9,8.510216620372358,0.4897833796276423
7,6.588917735613621,0.41108226438637896
7,7.4791623039216235,-0.4791623039216235
7,7.0221580839397975,-0.022158083939797457
7,6.905555485336464,0.09444451466353598
8,7.488789488815717,0.5112105111842826
8,7.921053279027109,0.07894672097289135
4,4.297929371432444,-0.2979293714324438
4,3.871975833697971,0.12802416630202895
7,6.883992253181472,0.11600774681852766
7,7.172769946678451,-0.17276994667845091
4,5.135430779814063,-1.1354307798140626
8,8.169895182451933,-0.16989518245193302
4,4.0828279620533605,-0.08282796205336052
7,7.3736026252778295,-0.3736026252778295
7,6.837418540575415,0.1625814594245849
9,9.011943503714217,-0.011943503714217485
7,7.497060547021249,-0.497060547021249
4,4.381920885494755,-0.3819208854947549
8,7.73022031442851,0.26977968557149
5,4.907581941138129,0.09241805886187127
7,6.981345018443685,0.018654981556315064
7,6.782708542972866,0.21729145702713382
7,7.012149312446997,-0.01214931244699713
5,4.758485664884784,0.24151433511521603
5,5.188135697380261,-0.18813569738026104
6,5.316881543436782,0.6831184565632178
6,4.922306859926276,1.0776931400737242
7,6.818278604333616,0.18172139566638368
4,4.33803767894354,-0.3380376789435404
7,7.148161932550615,-0.14816193255061538
7,6.515405605756867,0.4845943942431328
5,4.64516954930521,0.3548304506947897
7,7.257285517786622,-0.257285517786622
4,4.071509220758291,-0.07150922075829058
8,7.867551358752424,0.13244864124757605
4,5.083436816936947,-1.0834368169369473
7,7.184288651134802,-0.18428865113480164
9,9.015400132006974,-0.015400132006973877
5,4.857389922924176,0.1426100770758243
7,7.213642327888235,-0.2136423278882349
7,7.111296356789073,-0.11129635678907324
7,7.140581792090387,-0.14058179209038713
6,6.839456252025739,-0.8394562520257391
8,7.838155218000183,0.16184478199981722
8,8.129278603778669,-0.12927860377866907
5,4.420674916681557,0.5793250833184427
9,7.902543369065606,1.0974566309343938
5,5.348772021410744,-0.3487720214107437
6,6.4810567703850746,-0.48105677038507455
5,4.870289703756718,0.12971029624328168
7,6.989474309295285,0.010525690704715096
7,6.833142315218467,0.16685768478153307
7,7.26313408787929,-0.2631340878792896
7,7.3862236976464235,-0.3862236976464235
6,5.210146362324944,0.7898536376750558
8,7.8218541472749985,0.1781458527250015
7,6.895555634589026,0.10444436541097435
7,7.449924686284864,-0.4499246862848638
8,7.4253648727261155,0.5746351272738845
8,7.62254798240508,0.3774520175949201
7,6.870074966823362,0.1299250331766384
5,4.907000879912967,0.0929991200870326
5,3.8578122907927135,1.1421877092072865
9,8.074137127347585,0.9258628726524147
6,4.973787979132072,1.026212020867928
8,8.253390816527853,-0.2533908165278529
3,3.4732955844408866,-0.4732955844408866
5,5.1559582573560006,-0.15595825735600055
8,7.3721058368903964,0.6278941631096036
4,4.172775243053898,-0.17277524305389758
7,7.615723735164087,-0.615723735164087
7,7.246518886942322,-0.24651888694232227
7,6.830151779945155,0.16984822005484457
9,9.006663255523279,-0.006663255523278622
7,7.282705461688324,-0.282705461688324
8,8.427946532377314,-0.42794653237731417
6,6.664888551856068,-0.6648885518560679
9,8.69636544391634,0.30363455608365975
5,4.767941706786924,0.23205829321307636
7,7.259112100456678,-0.25911210045667765
7,6.673131900827281,0.3268680991727191
7,6.944827868291197,0.05517213170880275
7,6.843109597690943,0.15689040230905693
8,8.69592700119834,-0.6959270011983403
6,6.906641202512959,-0.9066412025129589
4,4.040761479757481,-0.04076147975748068
3,3.3814238638893803,-0.3814238638893803
5,5.071433611898264,-0.07143361189826436
5,4.835714570440077,0.1642854295599232
5,4.208915546919888,0.7910844530801118
8,8.104268702551467,-0.10426870255146703
5,4.908472181787981,0.09152781821201916
4,3.3592109902321203,0.6407890097678797
7,7.113441660279682,-0.11344166027968239
3,3.356604691503423,-0.3566046915034229
7,6.993885370263759,0.006114629736241106
6,7.058827665800603,-1.058827665800603
4,3.9524401112254592,0.04755988877454076
5,4.884375454243717,0.11562454575628323
4,4.341006006160824,-0.341006006160824
3,3.402341856687443,-0.40234185668744304
6,6.821238827418095,-0.8212388274180951
8,7.550080682365073,0.44991931763492676
5,4.965687676585033,0.034312323414966706
6,7.056665563955567,-1.0566655639555673
5,5.333859620290294,-0.33385962029029415
7,7.010052791175914,-0.010052791175914066
9,8.93766774347671,0.06233225652328933
5,4.8111498855183825,0.18885011448161748
9,8.89269977800009,0.1073002219999104
7,6.96088624128848,0.039113758711519786
6,6.434720128500474,-0.4347201285004738
8,7.657793841694315,0.342206158305685
8,7.824168479076608,0.17583152092339205
5,5.158620392864458,-0.15862039286445828
3,3.09519154464946,-0.09519154464946
9,8.74746995274447,0.2525300472555294
7,7.747749384403778,-0.7477493844037779
5,4.841637400445349,0.1583625995546507
5,5.208989948075216,-0.20898994807521643
7,6.775474387312673,0.2245256126873274
8,8.055944793743484,-0.0559447937434836
8,7.091761534156322,0.9082384658436782
7,6.620312108039934,0.37968789196006636
5,5.308008170181683,-0.308008170181683
7,6.747454785131497,0.252545214868503
5,3.8385673724724407,1.1614326275275593
7,7.059948900192684,-0.059948900192684285
5,4.972247921492072,0.027752078507927713
7,7.683727882087553,-0.6837278820875534
5,4.9649850072431665,0.03501499275683351
7,7.040447806403936,-0.04044780640393597
5,4.794246235814248,0.20575376418575164
5,4.369183707326647,0.6308162926733534
5,4.888402614284326,0.11159738571567424
4,3.5254246206906465,0.47457537930935345
9,8.079273818498852,0.9207261815011485
8,8.200108355029313,-0.2001083550293128
8,8.132610214483538,-0.13261021448353816
4,5.268370497649145,-1.268370497649145
3,2.895469129616656,0.10453087038334408
7,6.970416908008088,0.02958309199191156
6,7.097670654985168,-1.0976706549851682
7,7.468606820785955,-0.46860682078595506
7,7.172548530805033,-0.17254853080503274
7,6.5217906198112825,0.4782093801887175
7,7.07916478206379,-0.07916478206379018
8,7.495410510964374,0.5045894890356264
7,6.913675697329301,0.08632430267069857
5,5.074044939350521,-0.0740449393505207
7,6.918084670852357,0.08191532914764288
8,7.467344304579818,0.532655695420182
5,5.279348559801623,-0.27934855980162343
5,4.385755085080544,0.614244914919456
6,6.633010599725333,-0.633010599725333
5,4.827257785605711,0.17274221439428938
8,8.395828581547839,-0.39582858154783906
7,6.708185300477475,0.2918146995225248
7,6.793296260685403,0.20670373931459718
9,9.017347190402125,-0.01734719040212518
5,5.255653801404717,-0.2556538014047174
4,3.9532189242249225,0.04678107577507751
8,7.631347174360091,0.3686528256399093
5,5.143524760607778,-0.14352476060777786
8,8.073172347147578,-0.07317234714757781
5,4.972446965751485,0.027553034248515296
5,4.200561326339241,0.7994386736607586
7,6.878903069554012,0.12109693044598835
8,6.791489370472287,1.208510629527713
8,8.230085550519158,-0.23008555051915813
6,6.8049810303840745,-0.8049810303840745
7,8.459144701283842,-1.4591447012838419
8,8.39554111221457,-0.3955411122145698
4,4.815640201567313,-0.8156402015673132
5,4.7348385400745565,0.2651614599254435
5,5.296791618598491,-0.29679161859849135
6,6.93798374921208,-0.9379837492120799
7,7.078322006464635,-0.07832200646463505
9,8.662502511413642,0.337497488586358
5,5.164909175730222,-0.16490917573022212
4,4.321715076524784,-0.32171507652478404
8,8.262897194376006,-0.26289719437600567
5,5.151275507224002,-0.1512755072240024
4,4.51072049242318,-0.5107204924231796
7,7.068126270855741,-0.06812627085574086
8,7.31616463662659,0.6838353633734098
4,4.69518186856112,-0.6951818685611197
6,6.518391367614769,-0.5183913676147691
8,7.462884173782193,0.5371158262178071
7,7.654144502914108,-0.6541445029141082
9,8.999396154601367,0.0006038453986327852
7,6.599959210227313,0.400040789772687
4,4.640987152040957,-0.6409871520409567
5,5.4333390398620205,-0.4333390398620205
7,6.978397964433433,0.021602035566567146
7,7.1418391373186765,-0.14183913731867648
4,3.6230333463693434,0.3769666536306566
7,6.8058994165981765,0.19410058340182346
3,4.198234575635031,-1.1982345756350314
9,8.840092133375423,0.159907866624577
7,7.167342477528275,-0.16734247752827525
8,8.297995926407674,-0.29799592640767436
7,6.8069409638833465,0.19305903611665354
5,5.211447515833719,-0.21144751583371857
7,7.167845356642204,-0.16784535664220357
7,6.635739267645589,0.3642607323544107
6,5.424943583625988,0.5750564163740117
4,4.870930916694345,-0.8709309166943449
5,4.330379615247701,0.6696203847522986
6,6.40401226471409,-0.4040122647140896
9,7.234567411755357,1.7654325882446429
7,6.960797811192076,0.039202188807924365
7,7.265297873848769,-0.2652978738487688
5,4.3836948627323435,0.6163051372676565
8,7.735899654825474,0.2641003451745263
4,4.4092171873448605,-0.40921718734486046
8,7.596151239682084,0.40384876031791617
7,6.949481072998636,0.050518927001363956
8,7.843087166792663,0.15691283320733707
8,8.257881628951461,-0.25788162895146094
4,4.405114420866876,-0.40511442086687577
7,6.839968368107874,0.1600316318921262
5,4.485076591072474,0.5149234089275261
8,7.756675451319536,0.24332454868046405
8,7.41023302429357,0.5897669757064303
5,5.40881246164257,-0.4088124616425697
7,7.063450201096007,-0.06345020109600696
6,6.460499859579825,-0.46049985957982464
4,4.813089313403207,-0.8130893134032071
5,4.4179550172961735,0.5820449827038265
7,7.065257991595523,-0.06525799159552292
7,6.710806811843921,0.2891931881560792
7,7.148184219099135,-0.14818421909913493
8,7.9295045194494405,0.07049548055055954
9,7.817597898324051,1.1824021016759492
8,7.426419566813909,0.5735804331860912
5,5.145277835242637,-0.14527783524263693
8,8.185616817011324,-0.18561681701132393
9,8.82697782750163,0.1730221724983707
7,6.895971120631567,0.10402887936843275
5,4.951591467615763,0.04840853238423737
3,4.252111219498258,-1.252111219498258
4,4.392567221568056,-0.392567221568056
7,6.836756680690628,0.1632433193093723
4,4.202642035262905,-0.20264203526290459
8,8.029704032664496,-0.029704032664495728
2,2.2394588800418918,-0.23945888004189175
4,3.9540765987706163,0.045923401229383654
5,4.866918416128595,0.13308158387140523
7,7.062025568865217,-0.06202556886521737
5,5.076067051366457,-0.07606705136645697
7,6.580628321783537,0.4193716782164634
7,6.880377503974949,0.11962249602505093
7,7.549278755334268,-0.5492787553342682
8,8.055949356734564,-0.05594935673456369
4,5.098475484140998,-1.098475484140998
4,4.278209611386129,-0.27820961138612876
8,8.498969856108792,-0.49896985610879163
5,4.177227928292133,0.8227720717078668
7,6.69837016500653,0.30162983499347007
6,5.1872253039078595,0.8127746960921405
8,7.630154177487435,0.36984582251256537
3,4.005576672359819,-1.005576672359819
7,6.848828393087535,0.1511716069124649
8,7.20838394725348,0.7916160527465204
8,7.921070916523276,0.07892908347672378
8,8.012149535623676,-0.012149535623676044
6,6.572675245702716,-0.5726752457027162
8,7.621049970330494,0.37895002966950564
6,6.632547491211292,-0.6325474912112918
4,4.485714061060055,-0.48571406106005544
7,6.616247237834723,0.383752762165277
7,7.25197525536023,-0.2519752553602297
8,8.02366096171384,-0.023660961713840578
7,7.006901831189618,-0.006901831189617624
5,4.699681826309816,0.3003181736901839
7,6.825594895294947,0.17440510470505277
7,7.077858229084035,-0.07785822908403528
4,4.948783653680692,-0.9487836536806924
4,4.385755085080544,-0.385755085080544
8,7.741970978632819,0.2580290213671814
8,7.650650858501273,0.34934914149872665
7,7.123941812627283,-0.1239418126272831
8,8.093252548635576,-0.09325254863557575
5,4.886315426193393,0.11368457380660679
8,7.918135534366378,0.08186446563362182
7,7.0938838819224515,-0.09388388192245145
8,7.377763001590806,0.6222369984091944
5,4.6032603541550206,0.39673964584497945
5,5.1191318880673755,-0.11913188806737551
7,7.194526032738903,-0.1945260327389029
7,8.030920997785634,-1.0309209977856337
4,4.4069422681694475,-0.40694226816944745
8,8.253049218076193,-0.2530492180761925
7,6.675074271433904,0.3249257285660958
8,8.528813129730592,-0.528813129730592
7,6.764810790031496,0.235189209968504
5,4.883754545897901,0.11624545410209919
4,4.785372535911748,-0.7853725359117476
9,8.707340427439576,0.2926595725604244
7,7.57368976724803,-0.5736897672480303
7,7.44470871163075,-0.4447087116307502
7,6.445021352893148,0.5549786471068519
4,5.080848588112198,-1.0808485881121976
7,7.128626388597076,-0.12862638859707598
7,7.029089006708475,-0.029089006708474585
7,6.910942258337461,0.08905774166253888
5,4.5826928038250765,0.4173071961749235
8,6.657761263830539,1.3422387361694614
8,8.76415783969987,-0.7641578396998696
5,5.140412236965957,-0.14041223696595662
4,4.589979228015522,-0.5899792280155216
7,7.044290121745782,-0.04429012174578162
6,6.739091125726569,-0.7390911257265689
7,6.770744694283952,0.22925530571604824
7,6.968082071280931,0.03191792871906873
8,8.739288424976264,-0.7392884249762641
5,4.887076924740773,0.11292307525922674
7,8.304514566639575,-1.3045145666395754
5,4.861298736803654,0.1387012631963458
4,4.611444157380905,-0.6114441573809053
3,3.979127397839299,-0.9791273978392989
4,3.6328286847004843,0.36717131529951574
8,7.847546016044081,0.15245398395591891
5,5.116437246771453,-0.1164372467714534
4,4.033943024682266,-0.03394302468226584
5,4.806215387141833,0.19378461285816684
5,4.588023630185133,0.41197636981486685
6,6.523350116567042,-0.523350116567042
7,7.635713793490317,-0.635713793490317
9,8.887777504366573,0.11222249563342679
6,6.678950401063441,-0.6789504010634406
4,4.456492502895387,-0.45649250289538656
7,7.243332138199202,-0.24333213819920196
6,6.802271597090075,-0.8022715970900753
3,3.471640249463827,-0.4716402494638272
5,4.996800954080789,0.003199045919211052
9,8.434505570059336,0.5654944299406637
5,5.0466930898622495,-0.046693089862249515
4,4.334247146880456,-0.33424714688045576
7,7.523531899231011,-0.5235318992310107
7,6.688482504272369,0.31151749572763077
5,4.572166957535779,0.42783304246422116
8,7.338472042044654,0.6615279579553457
5,4.850418409560349,0.14958159043965136
4,4.148634557388562,-0.14863455738856235
8,7.791571347505798,0.20842865249420228
8,8.310464632958086,-0.3104646329580856
8,8.267956268322688,-0.2679562683226884
7,6.935798808194431,0.06420119180556938
7,7.426762172660017,-0.42676217266001704
7,6.909116065179701,0.09088393482029922
8,7.4381243258296115,0.5618756741703885
8,8.142821745802166,-0.14282174580216633
7,6.653254559598778,0.34674544040122157
4,4.363961999016622,-0.3639619990166221
7,6.840164332352945,0.15983566764705515
8,7.669276635193014,0.3307233648069863
5,4.282451670383865,0.7175483296161351
7,7.509134655101898,-0.5091346551018976
8,7.666697029024643,0.33330297097535677
8,8.119026911762985,-0.11902691176298497
5,4.856526989399327,0.1434730106006734
7,6.926937299516244,0.07306270048375563
5,5.3687249046355126,-0.36872490463551255
7,6.909678854899326,0.09032114510067402
3,4.249810321765181,-1.2498103217651808
8,8.632185856961796,-0.6321858569617955
8,6.696173076750032,1.303826923249968
6,6.803741703182169,-0.803741703182169
4,4.816754178446574,-0.8167541784465744
7,6.833523621977157,0.16647637802284265
5,4.332160354607979,0.6678396453920206
7,6.27475463057258,0.7252453694274203
7,6.680006948962139,0.31999305103786124
7,6.664082546134617,0.33591745386538285
8,8.06165305667529,-0.061653056675289974
7,7.386042904855431,-0.38604290485543125
6,6.427206475268699,-0.42720647526869904
5,5.078655933262481,-0.07865593326248099
4,3.9778277478548714,0.022172252145128635
7,6.948704479366598,0.051295520633401814
4,4.71371223382553,-0.7137122338255297
9,9.048887653203941,-0.048887653203941284
7,6.941923347586546,0.05807665241345372
6,5.078237710853944,0.9217622891460557
7,6.2679141643886895,0.7320858356113105
6,6.997160196663448,-0.9971601966634482
7,6.973348117063253,0.02665188293674703
4,4.009980619765579,-0.009980619765578957
3,3.9037569249300734,-0.9037569249300734
6,7.189883649029581,-1.1898836490295812
7,7.3862179124998315,-0.3862179124998315
7,8.309792597215305,-1.3097925972153046
7,7.51237881460361,-0.5123788146036103
7,6.799802528992575,0.20019747100742524
8,8.071930425463787,-0.07193042546378692
5,4.945828935256292,0.054171064743708364
8,8.562390126294972,-0.5623901262949715
4,3.688061969769695,0.311938030230305
4,4.831214909106521,-0.8312149091065208
8,7.771336052833278,0.228663947166722
7,6.631621161328578,0.36837883867142196
6,6.579237080994732,-0.5792370809947318
8,7.482772559006909,0.517227440993091
5,5.42820050731905,-0.42820050731905024
3,3.593545752607042,-0.5935457526070418
8,8.317314578255044,-0.3173145782550435
5,4.404630567607687,0.5953694323923129
8,7.31700700525566,0.6829929947443398
7,7.479418832077787,-0.479418832077787
7,6.890865174528527,0.10913482547147257
4,5.105995799548877,-1.105995799548877
7,6.9588428596718455,0.04115714032815454
8,8.307245728654088,-0.30724572865408817
5,4.866080397735892,0.1339196022641076
5,5.063196078749044,-0.0631960787490442
5,5.1390583917477874,-0.13905839174778745
7,7.582533124589683,-0.5825331245896832
3,3.1727861389647822,-0.17278613896478223
7,6.500577616127481,0.4994223838725187
8,7.689738679251521,0.310261320748479
7,6.523338904106208,0.4766610958937916
7,6.977939471632312,0.022060528367688015
4,4.815640201567313,-0.8156402015673132
5,4.1067619764801115,0.8932380235198885
7,7.47108761076842,-0.47108761076841965
8,7.758830955066169,0.24116904493383107
7,7.14590616866909,-0.14590616866909034
6,4.920187343955233,1.0798126560447674
8,7.68510838308299,0.3148916169170102
7,6.7972033261224105,0.20279667387758948
4,4.714896879095482,-0.7148968790954822
7,7.5595814752026005,-0.5595814752026005
8,6.919280454707239,1.0807195452927614
8,8.06194599326725,-0.06194599326724948
8,7.8062053534214435,0.1937946465785565
7,6.823765852481481,0.17623414751851918
7,7.1756765873623385,-0.1756765873623385
3,3.7142351098539494,-0.7142351098539494
7,6.566078354350768,0.43392164564923164
7,7.413313457504987,-0.41331345750498727
7,6.971380093253469,0.028619906746531143
7,7.545822360710281,-0.5458223607102806
5,4.9552122866796315,0.04478771332036846
8,7.449671743330218,0.5503282566697818
4,3.442876655887557,0.5571233441124428
6,6.717245631059728,-0.7172456310597282
7,7.328697602905438,-0.3286976029054376
7,7.58212274951534,-0.5821227495153396
7,7.472315067839176,-0.4723150678391761
6,6.7388465469577055,-0.7388465469577055
6,7.422544228038248,-1.422544228038248
7,7.0176473605137115,-0.01764736051371152
7,6.6442682466692755,0.3557317533307245
5,4.317015804630281,0.6829841953697189
9,8.92882590813315,0.07117409186684931
9,8.842187357016686,0.15781264298331443
7,7.131974626688362,-0.13197462668836213
9,8.277057687768805,0.7229423122311953
7,7.124876056646531,-0.12487605664653056
7,7.328967492669002,-0.32896749266900205
4,4.747947121956337,-0.7479471219563374
8,7.660176278896847,0.3398237211031532
7,7.697473848861458,-0.697473848861458
5,4.342820546806063,0.6571794531939368
7,6.7967301997492875,0.2032698002507125
5,4.810605844951769,0.1893941550482312
9,8.121201100277283,0.8787988997227174
4,4.81544427096443,-0.8154442709644298
8,8.85513814492893,-0.8551381449289295
7,6.515238289280645,0.48476171071935514
7,6.875339463496106,0.12466053650389419
8,7.388170579554414,0.6118294204455861
6,6.536760800326015,-0.5367608003260154
8,7.124237718766167,0.8757622812338326
9,8.966014235564012,0.033985764435987775
8,8.039163516883658,-0.039163516883657934
8,7.911720630408385,0.08827936959161509
8,7.550607082992294,0.4493929170077058
9,7.875812880842158,1.1241871191578419
3,4.256926168612612,-1.2569261686126119
7,6.9290862672288664,0.07091373277113355
5,5.1412766153152925,-0.14127661531529245
7,7.128626388597076,-0.12862638859707598
6,6.479552767025942,-0.4795527670259423
9,8.338060350492077,0.6619396495079233
4,3.359154441916503,0.6408455580834969
6,7.019216895976841,-1.0192168959768413
8,8.548208536621825,-0.548208536621825
5,4.797786310128176,0.2022136898718241
5,4.920356377391337,0.0796436226086632
2,2.7657177853770762,-0.7657177853770762
9,8.983274252038644,0.016725747961356063
5,5.406601467240201,-0.4066014672402014
7,6.584191543155019,0.4158084568449807
9,8.751557792867073,0.24844220713292664
7,6.769497194666758,0.2305028053332423
8,7.133844924908146,0.8661550750918536
9,7.390202651538919,1.6097973484610808
4,4.4572112609204435,-0.4572112609204435
7,6.841007159949303,0.15899284005069703
8,7.6637073522524615,0.33629264774753853
4,4.209987606178844,-0.20998760617884393
8,8.447761923365135,-0.4477619233651353
8,7.637029579276787,0.3629704207232134
5,5.112876685679569,-0.1128766856795691
6,6.732383281775175,-0.7323832817751752
7,7.03239129835387,-0.03239129835387011
7,6.803491016156578,0.1965089838434224
4,3.75459212279951,0.24540787720049018
6,6.870074966823362,-0.8700749668233616
7,7.280199066037876,-0.28019906603787614
7,6.820599755447423,0.17940024455257664
8,7.351963427654896,0.648036572345104
9,8.385792428758766,0.6142075712412343
7,6.628394514428828,0.37160548557117234
4,4.560335506350164,-0.5603355063501638
7,6.844229469890825,0.15577053010917474
8,7.463613972933001,0.5363860270669987
5,5.206642210573773,-0.20664221057377308
7,6.840755641684398,0.15924435831560224
4,4.317483451266941,-0.31748345126694133
7,7.3003041508717175,-0.30030415087171747
9,8.96705250679707,0.03294749320292922
4,3.9065715397553133,0.09342846024468665
6,6.317779175944267,-0.31777917594426697
8,7.57468047458478,0.4253195254152198
5,4.991431010072153,0.008568989927846715
8,8.137566154748612,-0.13756615474861178
7,7.113046289023862,-0.11304628902386238
8,7.941799489517927,0.058200510482072865
7,7.586374079777012,-0.5863740797770118
5,5.03907454214585,-0.039074542145850266
7,6.995186464766027,0.004813535233973099
5,4.645850133386617,0.3541498666133833
4,4.079718159458484,-0.07971815945848437
4,4.925232158447041,-0.9252321584470407
8,8.380887878771416,-0.38088787877141606
7,7.120697048998967,-0.12069704899896738
8,8.098947949951183,-0.09894794995118339
7,7.016997009302799,-0.01699700930279935
4,4.821617934266152,-0.8216179342661523
5,4.975293395028543,0.024706604971457047
7,7.106018963466996,-0.10601896346699569
7,6.581472426592131,0.41852757340786884
3,3.430353287271443,-0.43035328727144284
5,4.32689612477423,0.6731038752257703
7,6.432644411292656,0.5673555887073443
4,4.206398406253285,-0.20639840625328532
8,7.572058082532939,0.4279419174670611
8,7.236581091312255,0.7634189086877452
7,7.195525683369251,-0.1955256833692509
7,6.588511246275129,0.41148875372487126
7,7.033014448766638,-0.03301444876663773
7,6.997786984166704,0.002213015833295806
9,8.219210049465723,0.7807899505342775
7,7.3580523291811915,-0.35805232918119145
7,6.720176765810181,0.279823234189819
7,7.125569390752407,-0.12556939075240692
5,5.005352975258714,-0.005352975258714032
8,7.5728848048163915,0.4271151951836085
7,6.966760844666827,0.03323915533317301
4,4.7174885938289135,-0.7174885938289135
4,4.666719560805534,-0.6667195608055341
7,7.7583501076117765,-0.7583501076117765
9,7.83318238918245,1.1668176108175503
4,4.868063311549149,-0.8680633115491494
7,7.712619169185665,-0.7126191691856647
3,2.9808003543042245,0.01919964569577548
8,7.463466072964841,0.5365339270351592
5,5.248210619778386,-0.2482106197783862
5,5.27668641281652,-0.2766864128165203
7,7.020244877238709,-0.020244877238709158
7,7.209297313767942,-0.2092973137679417
9,8.312547210689697,0.6874527893103028
7,6.768516557722027,0.23148344227797324
7,7.495766321374872,-0.4957663213748722
7,7.56763564756657,-0.5676356475665703
7,6.301211669657569,0.6987883303424312
7,6.594404739735777,0.40559526026422343
8,7.383076181165236,0.6169238188347643
7,7.3402230017212196,-0.34022300172121955
7,6.772346348179415,0.22765365182058517
8,7.073269736853146,0.9267302631468537
7,6.699245792809135,0.3007542071908649
9,8.106170574007807,0.8938294259921928
9,8.225112076826939,0.7748879231730612
7,6.952596929643121,0.04740307035687863
5,4.288915983932911,0.7110840160670886
5,4.925232158447041,0.07476784155295935
7,6.866403863432842,0.1335961365671583
8,8.263596346113342,-0.26359634611334215
7,6.807419003696437,0.19258099630356273
8,6.944289398709061,1.0557106012909392
5,4.9877644830899355,0.012235516910064526
9,8.51319337479669,0.4868066252033092
4,4.0749341161980155,-0.07493411619801549
5,4.591938563941266,0.408061436058734
4,4.4165713822706545,-0.4165713822706545
7,6.675558095396498,0.32444190460350164
8,8.377938856543603,-0.3779388565436026
6,4.865723241113541,1.1342767588864593
7,6.956934765280501,0.0430652347194993
9,8.654618082849623,0.3453819171503767
7,8.159753354328917,-1.1597533543289167
5,4.6820814186538815,0.3179185813461185
9,8.843350980606976,0.1566490193930239
8,7.668777374452253,0.3312226255477473
4,4.446329641577014,-0.44632964157701416
9,8.168109352932225,0.8318906470677749
4,4.8089083931021115,-0.8089083931021115
5,5.048355737816096,-0.048355737816096145
4,4.3169079803567305,-0.3169079803567305
7,7.103965204924391,-0.10396520492439087
4,4.346060302784637,-0.34606030278463695
7,7.001148334332691,-0.0011483343326910145
5,4.989881615164015,0.010118384835984706
8,7.235574902456095,0.7644250975439046
7,6.795173741594333,0.20482625840566726
9,8.876495099128377,0.12350490087162314
7,6.667466908261642,0.332533091738358
5,4.764989579105895,0.2350104208941053
8,8.270606764560807,-0.27060676456080657
5,5.300530530999388,-0.30053053099938776
7,7.07065424975029,-0.07065424975029
6,6.5129141698713715,-0.5129141698713715
4,4.415373695039367,-0.41537369503936716
7,6.521568959241584,0.4784310407584158
8,7.495861494173043,0.5041385058269574
8,7.563244452963667,0.43675554703633335
4,4.876643190439107,-0.8766431904391068
5,4.8394851152411995,0.1605148847588005
8,7.136680993381201,0.8633190066187986
7,7.0823372206205235,-0.08233722062052351
8,7.669039018565755,0.3309609814342451
5,4.9991586068603935,0.0008413931396065166
4,4.205004932598691,-0.20500493259869135
8,8.104050866923368,-0.10405086692336774
4,4.4033665817826195,-0.4033665817826195
8,7.60273239135618,0.39726760864382005
8,8.41211523386924,-0.4121152338692404
5,4.6125263330903365,0.38747366690966345
8,7.966109535077848,0.033890464922151864
7,6.962553137839259,0.03744686216074111
7,6.857254768408368,0.14274523159163177
5,5.0436881994010285,-0.04368819940102853
9,8.919700020906797,0.08029997909320308
7,6.591499522841183,0.40850047715881743
7,7.237437972299162,-0.23743797229916197
7,7.884247342832236,-0.8842473428322357
8,7.450253403674979,0.5497465963250212
8,8.87772828123385,-0.8777282812338498
5,5.061613393123467,-0.06161339312346659
5,4.8272312199278105,0.17276878007218954
9,8.847810485663311,0.1521895143366887
7,7.455050500801179,-0.45505050080117915
5,5.024696517693338,-0.024696517693337583
7,7.24927581263549,-0.24927581263549037
5,4.657339706030792,0.3426602939692076
6,6.785455553490085,-0.7854555534900847
4,3.8385717802639405,0.16142821973605948
6,6.804721559113122,-0.8047215591131218
7,7.193097890195928,-0.19309789019592838
6,6.730777157452172,-0.730777157452172
6,6.589150848708365,-0.589150848708365
5,4.634682852195814,0.3653171478041859
6,6.517477915923892,-0.5174779159238918
6,7.195750117863745,-1.1957501178637449
8,7.556313955298177,0.44368604470182316
7,6.755255214708365,0.24474478529163513
7,7.55383953217015,-0.5538395321701497
5,4.420666962958765,0.5793330370412351
3,3.292098966688186,-0.29209896668818613
9,8.525840718520731,0.47415928147926856
8,8.43029092904369,-0.4302909290436894
6,6.999274244029473,-0.9992742440294728
6,6.536052218963359,-0.5360522189633592
9,8.496831335858674,0.5031686641413256
8,8.364120227421045,-0.36412022742104533
8,8.699242786757372,-0.6992427867573721
8,7.091938388945033,0.9080616110549666
4,4.517715263512741,-0.5177152635127413
7,6.870820278435758,0.12917972156424185
9,8.647507034822661,0.35249296517733875
6,5.19630322286213,0.80369677713787
6,6.763512113503848,-0.7635121135038476
6,6.5069245793402315,-0.5069245793402315
5,4.67890047218727,0.32109952781272977
7,7.0938838819224515,-0.09388388192245145
7,7.058361644232833,-0.058361644232832965
7,7.327918999814053,-0.32791899981405326
8,7.718732741553215,0.2812672584467846
4,4.512073682273612,-0.5120736822736118
6,6.642342446115544,-0.6423424461155438
8,8.48346168346231,-0.4834616834623109
5,5.090687038198853,-0.09068703819885293
4,4.002689138642338,-0.002689138642337774
5,5.067325110370757,-0.06732511037075728
6,6.341984145650016,-0.34198414565001567
3,2.8826699969602565,0.1173300030397435
9,8.449545443931227,0.5504545560687735
5,4.857588014574148,0.1424119854258521
8,7.664014515369484,0.33598548463051614
9,8.976496681925848,0.023503318074151736
4,4.950797849758908,-0.9507978497589082
6,6.894610745702585,-0.8946107457025851
9,7.840472357273608,1.1595276427263919
